0.0992,-0.0316,-0.0695,0.0921,0.4382,0.8488,1.1748,1.3131,1.229,0.9322,0.4511,-0.1591,-0.7863,-1.2616,-1.4219,-1.2089,-0.7273,-0.2035,0.1448,0.236,0.1562,0.0702,0.0856,0.1797,0.2454,0.2109,0.1254,0.1318,0.3472,0.7525,1.1868,1.4571,1.4759,1.3192,1.1639,1.1605,1.3423,1.6294,1.9035,2.0777,2.108,1.9643,1.6178,1.0777,0.4439,-0.0968,-0.3639,-0.3142,-0.1013,0.0078,-0.1802,-0.6298,-1.081,-1.227,-0.942,-0.3886,0.0814,0.1613,-0.2104,-0.8281,-1.3794,-1.6586,-1.6764,-0.0842,-0.399,-0.8195,-1.2147,-1.4566,-1.4959,-1.386,-1.24,-1.1535,-1.1474,-1.1692,-1.1457,-1.0445,-0.8975,-0.7706,-0.7064,-0.6856,-0.6391,-0.5021,-0.2714,-0.0215,0.1346,0.1131,-0.0877,-0.3858,-0.6619,-0.8206,-0.8261,-0.6946,-0.4596,-0.1463,0.2248,0.611,0.9306,1.0839,1.0083,0.7305,0.3709,0.0832,-0.0374,-0.0188,0.0008,-0.1429,-0.5345,-1.1249,-1.7595,-2.2681,-2.5528,-2.6176,-2.5309,-2.3592,-2.1265,-1.8249,-1.4563,-1.0639,-0.7218,-0.4919,-0.3858,-0.364,-0.3733,-0.3912,-0.4411,-0.567,-0.8957,-1.2096,-1.3493,-1.2359,-0.9118,-0.4863,-0.069,0.2565,0.4166,0.3321,-0.0568,-0.7289,-1.5387,-2.2438,-2.6101,-2.533,-2.0941,-1.5109,-1.0155,-0.7429,-0.6993,-0.8102,-0.9945,-1.2002,-1.3846,-1.4784,-1.3861,-1.0391,-0.4619,0.2086,0.7799,1.1047,1.1585,1.0408,0.904,0.8612,0.9333,1.0572,1.1326,1.0713,0.8245,0.3925,-0.1712,-0.7639,-1.2619,-1.5771,-1.7149,-1.7871,-1.9509,-2.2979,-2.7693,-3.1678,-3.2747,-3.0026,-2.4731,-1.958,-1.7163,-1.8349,-2.1852,-2.5204,-2.643,-2.5245,-2.3,-1.711,-2.4051,-2.95,-3.2588,-3.3196,-3.1674,-2.8712,-2.5384,-2.3088,-2.3083,-2.5779,-3.0255,-3.4521,-3.6533,-3.5357,-3.1671,-2.7248,-2.3804,-2.2042,-2.1582,-2.1669,-2.1984,-2.2826,-2.4536,-2.6751,-2.8238,-2.7549,-2.4023,-1.8299,-1.1922,-0.6361,-0.2245,0.0612,0.2542,0.3424,0.2763,0.0367,-0.309,-0.6283,-0.8219,-0.9182,-1.0739,-1.4623,-2.1249,-2.9061,-3.5319,-3.7808,-3.6223,-3.2195,-2.8001,-2.5002,-2.3026,-2.1062,-1.8573,-1.6238,-1.5484,-1.7208,-2.0808,-2.4351,-2.5814,-2.4445,-2.1234,-1.8184,-1.7108,-1.8209,-1.9047,-1.8788,-1.7196,-1.4586,-1.1597,-0.903,-0.7777,-0.8698,-1.2261,-1.8107,-2.4879,-3.0615,-3.359,-3.3113,-2.9756,-2.4879,-1.9851,-1.5531,-1.2312,-1.0482,-1.0398,-1.2187,-1.5233,-1.7992,-1.8533,-1.5554,-0.9193,-0.1011,0.6881,1.2926,1.6709,1.8726,1.9682,1.9965,1.9624,1.8669,1.7208,1.5202,1.2133,0.7098,-0.0488,-1.0062,-1.9732,-2.7154,-3.0997,-3.1874,-3.1919,-3.3149,-3.5803,-3.7988,-3.7042,-3.1674,-2.3295,-1.5456,-1.1708,-1.3388,-1.8878,-2.4814,-2.8307,-2.8622,-2.7234,6.0735,4.5549,2.6344,0.921,-0.0329,-0.0914,0.3328,0.5421,0.0677,-0.9461,-1.8148,-1.8309,-0.8461,0.5471,1.4103,1.1588,0.0316,-1.0429,-1.1012,0.1662,2.2067,4.0185,4.851,4.6558,3.9818,3.4607,3.342,3.4467,3.5209,3.6094,4.0652,5.1544,6.6159,7.6318,7.3414,5.556,3.0888,1.3564,1.459,3.3866,5.9623,7.6104,7.4261,5.783,4.0414,3.5744,4.8168,7.0021,8.7317,8.9211,7.4371,5.0265,2.6885,1.0248,0.0404,-0.5475,-0.8506,-0.642,0.3655,2.052,3.6733,4.1536,2.7445
0.1966,0.359,0.4327,0.3987,0.2904,0.1668,0.0661,-0.0197,-0.1292,-0.2834,-0.4497,-0.5517,-0.525,-0.376,-0.1949,-0.1031,-0.1706,-0.3633,-0.564,-0.6525,-0.587,-0.4263,-0.2797,-0.2271,-0.2731,-0.3671,-0.4667,-0.5827,-0.7658,-1.0438,-1.3672,-1.6168,-1.6767,-1.5196,-1.2361,-0.98,-0.8655,-0.8917,-0.9503,-0.9093,-0.7099,-0.4076,-0.1302,0.0086,-0.0229,-0.1712,-0.3512,-0.5098,-0.6509,-0.8108,-1.0098,-1.2205,-1.3746,-1.3982,-1.2494,-0.9351,-0.5067,-0.0429,0.369,0.6521,0.7603,0.6966,0.5115,1.0259,0.8626,0.6918,0.4999,0.3027,0.1441,0.0574,0.0254,-0.0178,-0.14,-0.3533,-0.5935,-0.7572,-0.7708,-0.6406,-0.4464,-0.2835,-0.1994,-0.1695,-0.1295,-0.0341,0.1027,0.2175,0.2466,0.1768,0.0581,-0.0285,-0.0253,0.0665,0.192,0.2824,0.2985,0.2498,0.1784,0.1256,0.1035,0.0922,0.0572,-0.0271,-0.1663,-0.3517,-0.5723,-0.8225,-1.0953,-1.3698,-1.6056,-1.7526,-1.7751,-1.6744,-1.494,-1.2995,-1.1449,-1.044,-0.9678,-0.8706,-0.7322,-0.5881,-0.5294,-0.6646,-1.0648,-1.7188,-2.5258,-3.3302,3.3045,3.3555,3.1222,2.5766,1.8765,1.2659,0.8951,0.7034,0.4679,-0.0108,-0.7294,-1.4533,-1.8721,-1.8224,-1.4071,-0.9184,-0.6245,-0.5885,-0.6572,-0.6213,-0.4105,-0.1618,-0.109,-0.387,-0.9157,-1.456,-1.79,-1.8759,-1.8511,-1.8885,-2.0308,-2.1442,-2.0311,-1.6065,-0.9917,-0.445,-0.1828,-0.231,-0.4204,-0.5218,-0.4118,-0.1439,0.1185,0.2385,0.2001,0.0911,0.0058,-0.0467,-0.1501,-0.4063,-0.8415,-1.3669,-1.8167,-2.0288,-1.9122,-1.4682,-0.7747,0.0401,0.8205,1.4104,1.694,1.6391,1.3105,0.9204,0.6697,0.4754,0.3402,0.2307,0.1165,-0.0178,-0.1853,-0.4088,-0.7077,-1.0678,-1.4254,-1.6917,-1.8073,-1.7866,-1.7119,-1.6779,-1.7282,-1.8347,-1.9333,-1.9829,-1.9933,-1.9969,-1.994,-1.9259,-1.7118,-1.3249,-0.8433,-0.425,-0.2157,-0.2574,-0.4677,-0.7065,-0.8769,-0.9779,-1.0724,-1.203,-1.3349,-1.3787,-1.2775,-1.0812,-0.9384,-1.0021,-1.3193,-1.7891,-2.2255,-2.4773,-2.5167,-2.4356,-2.3597,-2.3541,-2.3885,-2.379,-2.2615,-2.0371,-1.7611,-1.5015,-1.3098,-1.2256,-1.2959,-1.5699,-2.0594,-2.6921,1.9742,1.6243,1.2314,0.9288,0.7775,0.7213,0.6115,0.2909,-0.3088,-1.113,-1.9301,-2.5474,-2.8472,-2.8738,-2.8042,-2.8318,-3.0325,-3.3025,-3.42,-3.1996,-2.6378,-1.9423,-1.4143,-1.2571,-1.4447,-1.7463,-1.8899,-1.7471,-1.4022,-1.0623,-0.8838,-0.8544,-0.8206,-0.6306,-0.2713,0.1132,0.3348,0.3091,0.118,-0.0626,-0.1043,-0.0215,0.0529,-0.0185,-0.2742,-0.6419,-1.0162,-1.3484,-1.6675,-2.0207,-2.3964,-2.7016,-2.8164,-2.6742,-2.2985,-1.7728,-1.1822,-0.5875,-0.0509,0.3284,0.4278,0.1761,-0.3705,0.3583,-0.0452,-0.2874,-0.4646,-0.6259,-0.7356,-0.7397,-0.6637,-0.6369,-0.8083,-1.2183,-1.743,-2.1683,-2.3446,-2.2974,-2.1986,-2.2203,-2.3905,-2.572,-2.5834,-2.3599,-2.0159,-1.7511,-1.6784,-1.7188,-1.66,-1.3362,-0.7834,-0.2379,0.0299,-0.08,-0.4166,-0.6857,-0.663,-0.3476,0.0573,0.3143,0.3316,0.2139,0.1518,0.2474,0.4173,0.4472,0.1501,-0.4954,-1.3262,-2.0987,-2.6289,-2.8705,-2.8929,-2.7983,-2.6507,-2.462,-2.2229,-1.9356,-1.6221,-1.3126,-1.0405,-0.8536,-0.8235,-1.0282,-1.5034,-2.1975
-1.0589,-1.2476,-1.4627,-1.6639,-1.8084,-1.8831,-1.9068,-1.9082,-1.9003,-1.875,-1.8191,-1.7356,-1.6496,-1.5958,-1.5976,-1.6562,-1.7554,-1.8751,-2.0002,-2.1207,-2.2269,-2.3086,-2.3592,-2.377,-2.3598,-2.2942,-2.1525,-1.9068,-1.556,-1.1455,-0.7614,-0.495,-0.3975,-0.4526,-0.5863,-0.7076,-0.7534,-0.7119,-0.6138,-0.5037,-0.4135,-0.355,-0.3289,-0.3404,-0.4043,-0.5384,-0.747,-1.0075,-1.2651,-1.443,-1.4618,-1.2671,-0.8543,-0.2824,0.3343,0.8561,1.1627,1.1935,0.9663,0.5658,0.1061,-0.3149,-0.651,-0.9884,-1.369,-1.7723,-2.1916,-2.5922,-2.9087,-3.0702,-3.0427,-2.8567,-2.5946,-2.3375,-2.1087,-1.8595,-1.5144,-1.0481,-0.5336,-0.1201,0.0522,-0.0571,-0.3589,-0.6901,-0.9181,-1.0223,-1.0967,-1.2751,-1.6317,-2.1255,-2.6198,-2.9593,-3.0508,-2.8997,-2.5895,-2.2271,-1.8896,-1.5991,-1.329,-1.0307,-0.6654,-0.2301,0.232,0.6405,0.9077,0.9759,0.8439,0.5606,0.1884,-0.2447,-0.7675,-1.4426,-2.3072,-3.3151,-4.3212,-5.1275,-5.565,-5.5668,-5.1875,-4.5627,-3.8364,-3.1019,-2.3887,-1.6935,-1.0235,-0.4194,-6.0919,-6.2001,-6.1915,-6.06,-5.8741,-5.7549,-5.8068,-6.046,-6.3788,-6.6512,-6.7386,-6.6178,-6.3742,-6.1434,-6.0313,-6.0686,-6.2214,-6.439,-6.6941,-6.9842,-7.3023,-7.6061,-7.8169,-7.8464,-7.6315,-7.1535,-6.436,-5.5365,-4.5425,-3.5707,-2.7536,-2.2039,-1.9729,-2.0278,-2.2673,-2.5688,-2.832,-2.9948,-3.02,-2.8778,-2.5545,-2.081,-1.5544,-1.1157,-0.8844,-0.8889,-1.0439,-1.1965,-1.2109,-1.0352,-0.7059,-0.3013,0.1128,0.4973,0.8148,1.0006,0.9718,0.6786,0.1545,-0.4839,-1.1005,-1.6252,-2.0965,-6.1951,-6.2325,-6.1165,-5.9794,-5.9144,-5.9497,-6.0579,-6.1925,-6.3198,-6.4201,-6.4605,-6.373,-6.0726,-5.52,-4.7876,-4.0716,-3.6208,-3.6123,-4.0492,-4.7504,-5.4438,-5.9083,-6.0769,-6.0436,-5.9785,-6.0139,-6.1729,-6.3744,-6.4962,-6.4465,-6.2035,-5.8098,-5.3409,-4.8693,-4.4397,-4.0562,-3.6819,-3.2577,-2.7409,-2.1525,-1.6015,-1.2592,-1.2796,-1.7059,-2.4251,-3.2125,-3.8544,-4.2764,-4.5895,-5.0123,-5.7083,-6.6429,-7.5588,-8.0996,-8.0093,-7.285,-6.1836,-5.079,-4.2635,-3.8161,-3.6147,-3.4675,-3.2652,2.19,1.9688,1.7365,1.5667,1.4809,1.4274,1.3237,1.1252,0.8613,0.6136,0.4561,0.4072,0.4271,0.4565,0.4597,0.4359,0.3912,0.3017,0.1019,-0.2843,-0.8882,-1.6541,-2.4414,-3.0706,-3.3899,-3.3267,-2.9025,-2.2123,-1.3824,-0.5306,0.257,0.9292,1.459,1.8305,2.0354,2.0811,2.0022,1.8631,1.7399,1.6884,1.7169,1.7836,1.8266,1.8062,1.7306,1.6431,1.5792,1.5278,1.4308,1.2305,0.9314,0.6299,0.4778,0.5947,0.9813,1.493,1.8971,1.985,1.6755,1.0488,0.2951,-0.3917,-0.9155,-2.6133,-2.6423,-2.4827,-2.3739,-2.4967,-2.854,-3.2726,-3.5324,-3.5249,-3.3156,-3.0621,-2.8565,-2.6323,-2.2245,-1.544,-0.7216,-0.0879,0.0187,-0.5161,-1.4863,-2.4843,-3.1552,-3.4041,-3.4145,-3.4743,-3.7508,-4.1756,-4.5113,-4.53,-4.1669,-3.5451,-2.8769,-2.3314,-1.96,-1.7104,-1.4922,-1.236,-0.918,-0.5608,-0.2273,-0.0075,0.015,-0.1813,-0.5161,-0.8272,-0.964,-0.9042,-0.8061,-0.9403,-1.5245,-2.5664,-3.8211,-4.9013,-5.4716,-5.409,-4.8365,-4.0296,-3.2712,-2.7474,-2.5257,-2.5948,-2.9127,-3.4267
-4.0006,-4.1726,-4.2858,-4.2581,-4.0699,-3.7869,-3.5264,-3.3918,-3.4181,-3.5611,-3.73,-3.8389,-3.8453,-3.7581,-3.6174,-3.4645,-3.3186,-3.1697,-2.9883,-2.7425,-2.4154,-2.0153,-1.577,-1.156,-0.8169,-0.6177,-0.5909,-0.7271,-0.9677,-1.2194,-1.3895,-1.4318,-1.3749,-1.312,-1.3492,-1.5376,-1.8337,-2.1157,-2.2529,-2.1861,-1.9691,-1.7429,-1.66,-1.806,-2.1644,-2.637,-3.0983,-3.447,-3.6293,-3.6396,-3.5119,-3.3135,-3.135,-3.0653,-3.1556,-3.3925,-3.7057,-4.0125,-4.2698,-4.4948,-4.7343,-5.0075,-5.27,-1.2836,-1.1535,-1.0854,-1.0469,-1.0063,-0.9499,-0.8869,-0.841,-0.8377,-0.8927,-1.007,-1.1681,-1.3551,-1.5431,-1.7076,-1.8262,-1.8805,-1.8582,-1.756,-1.5831,-1.361,-1.1187,-0.8814,-0.6621,-0.4606,-0.2752,-0.1219,-0.0451,-0.1086,-0.3625,-0.8037,-1.3547,-1.8805,-2.2423,-2.3616,-2.2588,-2.041,-1.8435,-1.7582,-1.7906,-1.8705,-1.9079,-1.8574,-1.7498,-1.6721,-1.7099,-1.8919,-2.1701,-2.4506,-2.6493,-2.7384,-2.7525,-2.7547,-2.7895,-2.855,-2.9119,-2.9191,-2.8688,-2.7939,-2.7461,-2.7615,-2.8388,-2.9445,-2.4573,-2.6331,-2.8565,-2.9107,-2.6609,-2.1838,-1.7515,-1.6748,-2.1059,-2.9297,-3.8164,-4.4036,-4.4951,-4.1581,-3.6677,-3.342,-3.3719,-3.7389,-4.2509,-4.6566,-4.7635,-4.5072,-3.9567,-3.2773,-2.6756,-2.3381,-2.369,-2.7396,-3.2801,-3.739,-3.9007,-3.7063,-3.303,-2.9764,-2.9925,-3.438,-4.1608,-4.8508,-5.214,-5.133,-4.7162,-4.2153,-3.8717,-3.7947,-3.9367,-4.1639,-4.3603,-4.4932,-4.6096,-4.7839,-5.0594,-5.4195,-5.7944,-6.0889,-6.2198,-6.1547,-5.945,-5.7333,-5.713,-6.0386,-6.7237,-7.5931,-8.3392,-1.8648,-1.6175,-1.45,-1.33,-1.2311,-1.1499,-1.1079,-1.1417,-1.289,-1.5743,-1.9955,-2.5143,-3.0587,-3.5416,-3.8912,-4.0784,-4.1248,-4.0848,-4.0124,-3.9314,-3.827,-3.6618,-3.405,-3.0577,-2.6631,-2.2967,-2.046,-1.9847,-2.1504,-2.5308,-3.0622,-3.6424,-4.157,-4.5114,-4.657,-4.6034,-4.4131,-4.181,-4.0057,-3.9578,-4.056,-4.2592,-4.4834,-4.6416,-4.6928,-4.6732,-4.687,-4.8551,-5.2449,-5.8215,-6.4504,-6.9533,-7.185,-7.0912,-6.7197,-6.1894,-5.6437,-5.2158,-5.0097,-5.0886,-5.4555,-6.034,-6.6689,-4.054,-4.3367,-4.6702,-4.9292,-5.0227,-4.9565,-4.8317,-4.7765,-4.8595,-5.0444,-5.2199,-5.28,-5.198,-5.0431,-4.9329,-4.9576,-5.1288,-5.3796,-5.6073,-5.7217,-5.6722,-5.4476,-5.0646,-4.5625,-4.0074,-3.492,-3.1165,-2.9532,-3.0117,-3.23,-3.501,-3.7244,-3.8545,-3.9167,-3.9821,-4.1145,-4.3231,-4.5484,-4.6943,-4.6856,-4.5182,-4.2683,-4.0541,-3.9756,-4.0697,-4.307,-4.6294,-4.9928,-5.3853,-5.8064,-6.2337,-6.6085,-6.8604,-6.9538,-6.9201,-6.8464,-6.8292,-6.9249,-7.1345,-7.4254,-7.765,-8.1315,-8.4952,-1.7126,-1.7898,-1.9331,-2.0372,-2.05,-2.0015,-1.9777,-2.0592,-2.2651,-2.5382,-2.7803,-2.9132,-2.9265,-2.8822,-2.8729,-2.9612,-3.1382,-3.3262,-3.4223,-3.3557,-3.1236,-2.7852,-2.423,-2.0998,-1.8408,-1.65,-1.5423,-1.5617,-1.7632,-2.168,-2.7237,-3.3028,-3.7517,-3.9617,-3.9225,-3.7222,-3.4951,-3.3513,-3.33,-3.4002,-3.4993,-3.5777,-3.6234,-3.66,-3.7302,-3.882,-4.1599,-4.5913,-5.1645,-5.8071,-6.389,-6.7635,-6.8356,-6.617,-6.2311,-5.8566,-5.6431,-5.6511,-5.8514,-6.1774,-6.5831,-7.0627,-7.6197
0.1515,0.235,0.2828,0.3092,0.393,0.6026,0.923,1.25,1.4558,1.4703,1.3158,1.076,0.8343,0.6336,0.4808,0.3742,0.3178,0.3097,0.3218,0.3033,0.211,0.0456,-0.1426,-0.2826,-0.3236,-0.252,-0.0757,0.2013,0.5807,1.0407,1.5026,1.8353,1.91,1.676,1.2026,0.6559,0.2229,0.0339,0.1261,0.4596,0.9566,1.5318,2.1015,2.5867,2.9244,3.0865,3.0861,2.9609,2.7422,2.4414,2.0682,1.6661,1.3249,1.1454,1.1721,1.3463,1.5271,1.5739,1.4357,1.179,0.9328,0.7934,0.7646,1.5476,0.6583,0.6346,0.9282,1.2154,1.5897,2.4052,3.9116,5.9591,7.9898,9.3285,9.5815,8.8813,7.8179,7.1016,7.1677,7.9614,9.0192,9.7715,9.8634,9.3011,8.362,7.3657,6.4772,5.6602,4.7742,3.7127,2.4736,1.1392,-0.18,-1.3706,-2.3014,-2.8245,-2.8436,-2.4205,-1.8197,-1.402,-1.3932,-1.6809,-1.8168,-1.2751,0.1789,2.2664,4.2966,5.5497,5.6925,4.9491,3.9243,3.2212,3.125,3.5454,4.2065,4.8921,5.5559,6.2486,6.9736,7.6269,8.0774,8.3044,8.4561,8.7683,9.4044,10.3424,2.0411,1.7149,1.4401,1.4384,1.9724,3.1239,4.6336,5.9554,6.5324,6.1263,4.9706,3.6313,2.6699,2.3389,2.5069,2.8307,3.0165,2.9794,2.8246,2.7257,2.8274,3.2322,4.0133,5.1701,6.5225,7.6542,8.0263,7.2595,5.4166,3.0639,1.0179,-0.0826,-0.0982,0.6165,1.5253,2.2865,2.9129,3.6205,4.5191,5.4159,5.8997,5.6343,4.6244,3.2427,2.0027,1.2537,1.0227,1.0907,1.2135,1.3002,1.4313,1.7362,2.2505,2.8631,3.3651,3.5418,3.2443,2.4267,1.1762,-0.2626,-1.508,-2.1536,-1.9574,3.891,3.1405,2.0764,1.3745,1.5288,2.5212,3.8686,4.9792,5.519,5.5165,5.179,4.6364,3.8535,2.7713,1.5097,0.4131,-0.1324,0.038,0.7516,1.6316,2.3656,2.8835,3.305,3.7272,4.0597,4.0636,3.5609,2.6233,1.5662,0.7485,0.3491,0.3085,0.4716,0.7834,1.3454,2.2705,3.4688,4.5771,5.1335,4.8857,3.993,2.9509,2.2788,2.201,2.5535,2.97,3.1864,3.2244,3.3264,3.7184,4.4034,5.1438,5.6257,5.6591,5.2593,4.5733,3.743,2.8326,1.8646,0.9012,0.0692,-0.5074,-0.8017,-5.2428,-5.7129,-6.1367,-6.2397,-5.7912,-4.8025,-3.6224,-2.8086,-2.8089,-3.6592,-4.9353,-6.0269,-6.5532,-6.6052,-6.6157,-6.942,-7.4881,-7.682,-6.8648,-4.8184,-2.036,0.494,1.861,1.7716,0.6842,-0.5378,-1.192,-1.1193,-0.6634,-0.2845,-0.1538,-0.0368,0.4674,1.5405,2.9259,4.0501,4.3908,3.8165,2.6493,1.4193,0.5071,-0.0576,-0.5046,-1.0372,-1.594,-1.8596,-1.5197,-0.5584,0.6473,1.5263,1.6691,1.0777,0.1221,-0.7579,-1.3744,-1.8873,-2.61,-3.6896,-4.9308,-5.911,-6.2984,-6.1132,-5.7133,3.6576,2.8481,2.0676,1.6708,1.9528,2.9302,4.2689,5.4349,5.9803,5.7734,5.0281,4.1341,3.4272,3.0558,2.9991,3.168,3.4798,3.8561,4.1888,4.3505,4.2703,4.0111,3.7599,3.7096,3.9127,4.2252,4.3974,4.2476,3.7877,3.2082,2.7457,2.5487,2.6412,2.9884,3.5729,4.3885,5.3543,6.2436,6.734,6.5837,5.816,4.7615,3.8985,3.5847,3.8624,4.468,5.0284,5.2983,5.2752,5.1373,5.0804,5.1862,5.3999,5.5987,5.6707,5.5457,5.1877,4.5926,3.8139,2.9857,2.2909,1.869,1.7225
3.0081,2.7943,2.6066,2.443,2.3166,2.2477,2.2498,2.3237,2.4588,2.637,2.8351,3.029,3.204,3.3651,3.5366,3.7413,3.973,4.1827,4.2994,4.2745,4.1176,3.8903,3.656,3.4237,3.1331,2.7041,2.1175,1.4661,0.927,0.6666,0.7379,1.0422,1.3824,1.5729,1.5341,1.3173,1.0564,0.8896,0.8986,1.0915,1.4148,1.7768,2.0681,2.1896,2.0891,1.7951,1.42,1.1155,0.9972,1.0806,1.2706,1.4106,1.3599,1.0536,0.5175,-0.1538,-0.829,-1.366,-1.6359,-1.5568,-1.1338,-0.4777,0.2274,-0.775,-0.5247,-0.0877,0.4721,1.0562,1.5524,1.8684,1.9605,1.8424,1.5687,1.2048,0.803,0.3956,0.0044,-0.3492,-0.6438,-0.8677,-1.0268,-1.1397,-1.2204,-1.2621,-1.2345,-1.0994,-0.8345,-0.4488,0.0171,0.5043,0.9524,1.3105,1.545,1.6453,1.6271,1.5289,1.3959,1.2567,1.1071,0.917,0.6572,0.3298,-0.0219,-0.336,-0.5696,-0.7243,-0.8354,-0.9337,-1.0092,-1.0104,-0.8837,-0.6251,-0.3014,-0.0199,0.1378,0.1698,0.1569,0.208,0.3864,0.6659,0.947,1.1189,1.1248,0.9881,0.7904,0.6219,3.1706,3.3448,3.7194,4.1182,4.3394,4.244,3.8301,3.2407,2.6875,2.3317,2.2026,2.2164,2.2843,2.4218,2.7572,3.4134,4.3459,5.2766,5.8068,5.6574,4.8713,3.8183,2.9796,2.65,2.7678,2.9939,2.9777,2.6153,2.1124,1.8133,1.9332,2.3944,2.8809,3.0622,2.8168,2.3022,1.8354,1.6855,1.923,2.413,2.9287,3.2919,3.4469,3.4415,3.3521,3.2155,3.0072,2.6688,2.1577,1.4879,0.7398,0.034,-0.5211,-0.88,-1.0826,-1.2298,-1.422,-1.6977,-2.0085,-2.2472,-2.3079,-2.1392,-1.7615,1.3097,1.5615,2.1478,2.9082,3.6228,4.0663,4.096,3.7245,3.1219,2.5345,2.1664,2.0995,2.2949,2.6535,3.0723,3.4516,3.6671,3.5697,3.0531,2.1613,1.1457,0.3933,0.2364,0.7547,1.7056,2.6437,3.1639,3.1134,2.6434,2.0819,1.727,1.6976,1.9216,2.2359,2.506,2.6832,2.7817,2.8203,2.7862,2.6452,2.378,2.0098,1.6086,1.2582,1.0217,0.9118,0.8772,0.8109,0.5869,0.1173,-0.5924,-1.4244,-2.1868,-2.6925,-2.8386,-2.6395,-2.2049,-1.6845,-1.2187,-0.9109,-0.8117,-0.9009,-1.0743,5.0221,5.5146,6.0917,6.306,5.9479,5.1583,4.3023,3.7255,3.5743,3.7859,4.2054,4.7066,5.218,5.6652,5.9144,5.7964,5.2071,4.2056,3.0274,1.9925,1.3646,1.2457,1.5557,2.0884,2.6006,2.8926,2.8641,2.5407,2.0622,1.6243,1.3834,1.3694,1.4665,1.4896,1.3183,0.9991,0.735,0.7561,1.1524,1.7897,2.3736,2.6292,2.473,2.0612,1.6781,1.5453,1.6811,1.9065,1.9866,1.8011,1.4225,1.0484,0.8412,0.796,0.7368,0.4498,-0.1377,-0.8621,-1.387,-1.3953,-0.788,0.2397,1.297,-5.7808,-5.3827,-4.9515,-4.7314,-4.8543,-5.2444,-5.6523,-5.8072,-5.5976,-5.1559,-4.7837,-4.758,-5.1474,-5.7692,-6.3229,-6.6123,-6.6968,-6.8594,-7.4034,-8.4208,-9.6956,-10.8163,-11.4189,-11.3965,-10.9361,-10.3746,-9.99,-9.8732,-9.9493,-10.0951,-10.2412,-10.3825,-10.5179,-10.6,-10.5574,-10.3703,-10.1196,-9.9496,-9.9623,-10.1334,-10.3295,-10.4179,-10.3782,-10.3145,-10.356,-10.5324,-10.74,-10.8374,-10.7897,-10.7264,-10.8461,-11.232,-11.7373,-12.0517,-11.921,-11.3535,-10.6465,-10.1961,-10.2265,-10.6416,-11.1096,-11.314,-11.1787
4.1306,4.6898,5.1227,5.4215,5.5919,5.6481,5.6115,5.5044,5.3334,5.0776,4.6997,4.1858,3.5927,3.0638,2.7864,2.9034,3.4282,4.2214,5.0495,5.6943,6.0443,6.1149,5.9958,5.7738,5.4895,5.1524,4.7859,4.4524,4.2301,4.1588,4.2061,4.2875,4.3292,4.3246,4.3343,4.4301,4.6254,4.8512,5.0004,5.0052,4.8894,4.7538,4.7059,4.7888,4.9591,5.124,5.2022,5.1624,5.0172,4.7907,4.496,4.1423,3.7623,3.4269,3.2286,3.2389,3.4677,3.8502,4.2667,4.5832,4.6938,4.5571,4.2176,4.6828,5.1479,5.2536,5.0994,4.7884,4.3488,3.7527,3.0132,2.265,1.7395,1.6385,1.9964,2.6426,3.3001,3.7496,3.9422,3.9868,4.0372,4.1753,4.3728,4.5423,4.6139,4.572,4.4358,4.2238,3.9497,3.6524,3.415,3.3316,3.4322,3.6308,3.7568,3.6663,3.3552,2.9776,2.7454,2.7752,2.999,3.209,3.203,2.9173,2.4503,1.9693,1.5851,1.2982,1.0515,0.829,0.7041,0.7877,1.1204,1.6042,2.0401,2.251,2.1972,1.9975,1.8423,1.8656,2.065,2.3168,2.4566,2.3652,2.0094,1.4392,4.9366,6.1675,7.1207,7.7737,8.2077,8.4219,8.2492,7.4871,6.1479,4.599,3.4281,3.0967,3.6375,4.6361,5.521,5.9426,5.9531,5.8719,5.9721,6.2586,6.5062,6.4971,6.2275,5.9024,5.7359,5.7482,5.7501,5.5253,5.0425,4.5036,4.1825,4.2012,4.4417,4.6686,4.7455,4.745,4.8515,5.1461,5.4752,5.5306,5.083,4.1739,3.1031,2.2254,1.7286,1.5694,1.597,1.7294,2.0114,2.5075,3.1443,3.6722,3.8099,3.4639,2.8401,2.342,2.3276,2.9062,3.9172,5.0802,6.1737,7.1064,7.8612,6.9882,7.8549,8.4762,8.7407,8.6037,8.1425,7.5268,6.9324,6.4583,6.1025,5.8005,5.4925,5.1757,4.9115,4.7894,4.8664,5.1154,5.4126,5.5774,5.4561,5.0057,4.3272,3.6221,3.0906,2.8391,2.8557,3.0693,3.4367,3.982,4.7495,5.7079,6.6929,7.4518,7.7712,7.5924,7.0233,6.2365,5.3412,4.3424,3.2271,2.0985,1.2206,0.9003,1.2697,2.1381,3.0562,3.5767,3.5391,3.164,2.8765,2.9796,3.4207,3.8312,3.814,3.2656,2.4878,2.0046,2.2152,3.1332,4.3886,5.4739,6.0455,6.0784,5.9334,7.0343,7.6345,7.7225,7.4333,6.9623,6.4818,6.1052,5.8975,5.8873,6.0541,6.308,6.503,6.5067,6.29,5.9668,5.7399,5.7763,6.0961,6.5542,6.926,7.0356,6.8365,6.4039,5.8664,5.3417,4.9178,4.6633,4.626,4.7961,5.0708,5.2706,5.2276,4.8939,4.3855,3.9126,3.6388,3.5715,3.571,3.4689,3.2015,2.8488,2.5524,2.3888,2.312,2.2152,2.0547,1.9165,1.9533,2.2352,2.6412,2.9007,2.7735,2.2408,1.5593,1.1242,1.2315,1.9007,2.8746,3.783,4.3508,4.5187,4.4252,6.4807,7.3708,7.7941,7.7949,7.5281,7.1465,6.731,6.3142,5.9539,5.7641,5.8509,6.1948,6.5944,6.7502,6.4564,5.7655,4.9904,4.5226,4.5873,5.1044,5.7529,6.1806,6.2062,5.8802,5.392,4.9251,4.5762,4.3758,4.3462,4.5149,4.8597,5.2505,5.4719,5.3413,4.8407,4.15,3.5411,3.2012,3.1183,3.1128,2.9812,2.633,2.1213,1.5621,1.0366,0.5664,0.1745,-0.0524,0.0128,0.4226,1.0452,1.5767,1.7049,1.3222,0.6316,0.0497,-0.0383,0.4892,1.423,2.3566,2.9195,2.9617,2.5955
1.3445,1.4955,1.5216,1.416,1.2127,0.9773,0.7868,0.7075,0.7768,0.994,1.3234,1.7095,2.0983,2.4545,2.7638,3.0177,3.1948,3.2551,3.1602,2.9086,2.5603,2.2248,2.0108,1.9649,2.0411,2.125,2.1003,1.9147,1.6013,1.2454,0.9237,0.664,0.4521,0.2729,0.1473,0.127,0.2512,0.4985,0.7789,0.9764,1.0175,0.9142,0.7519,0.6304,0.6009,0.6419,0.6875,0.6806,0.6138,0.5283,0.4802,0.5014,0.5833,0.6898,0.7856,0.8578,0.9176,0.9872,1.0808,1.1912,1.2869,1.3179,1.2324,0.6665,1.1946,1.6583,1.9808,2.1421,2.1713,2.1125,1.9904,1.8041,1.5488,1.2477,0.9634,0.777,0.7476,0.8783,1.1105,1.3488,1.5013,1.5154,1.3965,1.2042,1.0296,0.9592,1.036,1.2341,1.463,1.6065,1.5778,1.363,1.0248,0.6657,0.3751,0.1929,0.1094,0.0913,0.1076,0.1363,0.1547,0.1338,0.0511,-0.0863,-0.2313,-0.3203,-0.3169,-0.2455,-0.1811,-0.1958,-0.3012,-0.429,-0.471,-0.3499,-0.0688,0.2952,0.6477,0.9353,1.1624,1.3579,1.523,1.6087,1.5412,1.275,0.8311,0.291,-1.035,-0.9259,-0.771,-0.6076,-0.4902,-0.4337,-0.3817,-0.234,0.0803,0.5354,1.0072,1.3515,1.5102,1.5624,1.669,1.9431,2.3407,2.664,2.6853,2.3114,1.6654,1.0238,0.6473,0.6194,0.8002,0.9213,0.7505,0.2245,-0.5233,-1.2336,-1.6397,-1.5719,-1.0172,-0.1269,0.8251,1.532,1.7724,1.5115,0.9237,0.3084,-0.0677,-0.1091,0.0763,0.273,0.3106,0.1647,-0.0593,-0.2327,-0.3063,-0.3221,-0.3342,-0.3144,-0.136,0.3391,1.1353,2.1026,2.9776,3.5278,3.6796,3.5407,3.3101,3.1469,3.0886,1.2508,2.0289,2.699,3.2097,3.5917,3.9058,4.1737,4.343,4.3156,4.0238,3.4998,2.8894,2.3954,2.182,2.2943,2.6375,3.0239,3.2584,3.2204,2.9068,2.4241,1.9394,1.6144,1.5459,1.7338,2.0882,2.4699,2.7513,2.866,2.8283,2.713,2.6095,2.5752,2.6113,2.6677,2.6685,2.5442,2.2578,1.8191,1.2855,0.7458,0.2896,-0.0307,-0.2221,-0.3424,-0.4566,-0.5836,-0.6694,-0.612,-0.3278,0.1835,0.8241,1.448,1.9454,2.3024,2.5916,2.8976,3.2322,3.4998,3.5408,3.2253,2.5351,1.5821,-0.5147,-0.1224,0.2749,0.5918,0.7735,0.8268,0.8111,0.7997,0.8362,0.9184,1.0155,1.1054,1.2024,1.3515,1.5898,1.9015,2.1998,2.3573,2.2722,1.9343,1.4456,0.9783,0.69,0.6449,0.7872,0.9812,1.0911,1.0501,0.8813,0.6636,0.4761,0.3587,0.3103,0.3138,0.3602,0.4493,0.5703,0.6841,0.7298,0.6551,0.4516,0.167,-0.1155,-0.3181,-0.4039,-0.3857,-0.3076,-0.2159,-0.1361,-0.0671,0.0112,0.1252,0.2937,0.5156,0.7612,0.9745,1.0912,1.0672,0.9025,0.6389,0.329,-0.0062,-0.3979,-0.2066,0.3862,1.0674,1.795,2.4685,2.9599,3.1922,3.1999,3.1111,3.0556,3.0732,3.0994,3.0446,2.8948,2.7421,2.708,2.8232,2.971,2.9559,2.6544,2.1311,1.6194,1.3739,1.4992,1.8822,2.2745,2.4596,2.3817,2.1517,1.9435,1.8697,1.9272,2.0351,2.114,2.1382,2.1258,2.0941,2.026,1.8786,1.6195,1.2553,0.8309,0.4069,0.0386,-0.2278,-0.3501,-0.2937,-0.0501,0.3455,0.8194,1.2911,1.7124,2.0828,2.4305,2.7729,3.0885,3.3221,3.4153,3.3387,3.1012,2.7357,2.2786,1.76
4.0369,3.7131,3.2661,2.8455,2.5854,2.5239,2.5864,2.6446,2.6091,2.4886,2.3788,2.3941,2.5951,2.9572,3.392,3.7945,4.0814,4.2059,4.1561,3.9524,3.6477,3.3182,3.0407,2.8606,2.7754,2.7453,2.7261,2.6981,2.6704,2.6624,2.6828,2.7277,2.7959,2.9019,3.0657,3.2846,3.5152,3.6872,3.7463,3.6909,3.5665,3.4195,3.2479,2.9988,2.6225,2.1434,1.6804,1.3876,1.3486,1.5065,1.6914,1.7353,1.5931,1.3784,1.2834,1.4406,1.8249,2.2673,2.5617,2.5861,2.354,1.9747,1.5698,1.0904,1.1235,1.0487,0.9001,0.7357,0.6062,0.5388,0.5386,0.6023,0.7304,0.9304,1.206,1.5387,1.8738,2.1254,2.2055,2.0663,1.7326,1.2993,0.8908,0.6018,0.4546,0.3975,0.3451,0.232,0.0473,-0.1677,-0.3496,-0.445,-0.4264,-0.2859,-0.022,0.3677,0.8801,1.4936,2.1574,2.7886,3.2803,3.521,3.4255,2.9703,2.2202,1.3236,0.4699,-0.1794,-0.5497,-0.6701,-0.6379,-0.556,-0.4844,-0.4327,-0.3874,-0.3399,-0.2902,-0.226,-0.1077,0.1143,0.4524,0.8441,1.1618,1.2781,1.1446,0.8271,-5.3859,-6.8002,-6.2819,-4.1271,-1.4044,0.7146,1.6422,1.6232,1.4055,1.6043,2.2325,2.7257,2.4182,1.0964,-0.7787,-2.3377,-2.8504,-2.1607,-0.719,0.7769,1.846,2.4657,2.9537,3.622,4.4819,5.2085,5.3664,4.7165,3.3863,1.8099,0.5009,-0.1814,-0.1433,0.4828,1.466,2.5961,3.7349,4.793,5.6672,6.187,6.1124,5.2057,3.3649,0.7653,-2.0792,-4.4103,-5.4853,-4.9138,-2.9055,-0.2758,1.8428,2.4808,1.2847,-1.2876,-4.1443,-6.0446,-6.1619,-4.4503,-1.6316,1.1882,3.066,3.6433,3.2252,0.9854,0.5877,-0.0734,-0.7995,-1.3249,-1.4848,-1.3051,-0.9594,-0.6321,-0.3946,-0.1799,0.1359,0.6121,1.1714,1.6235,1.764,1.4833,0.8219,-0.0508,-0.9161,-1.5971,-2.0206,-2.2272,-2.3308,-2.4508,-2.6487,-2.897,-3.096,-3.1238,-2.8943,-2.3884,-1.6495,-0.7537,0.218,1.1866,2.0635,2.74,3.0966,3.0355,2.5199,1.5989,0.4051,-0.872,-2.0257,-2.875,-3.3046,-3.2961,-2.9394,-2.4106,-1.9177,-1.6279,-1.6115,-1.8259,-2.1479,-2.4318,-2.5662,-2.5054,-2.2733,-1.949,-1.6427,-1.4648,-1.489,-1.718,4.8891,3.1746,1.7776,1.4732,2.3272,3.5378,3.9703,3.0033,1.0256,-0.8295,-1.5241,-0.8857,0.2867,0.8503,0.1777,-1.4148,-2.9649,-3.6033,-3.1342,-2.0375,-0.9769,-0.2774,0.1979,0.7404,1.4062,1.9313,2.0243,1.7334,1.5048,1.8279,2.7557,3.7328,3.9292,2.8514,0.7517,-1.503,-3.0206,-3.4935,-3.3756,-3.5117,-4.5021,-6.2563,-8.0181,-8.8059,-7.9607,-5.4865,-2.0487,1.3082,3.5649,4.1061,2.9555,0.7763,-1.4064,-2.6801,-2.6933,-1.8047,-0.8095,-0.3963,-0.7038,-1.2998,-1.5984,-1.3893,-1.05,4.2117,3.9087,3.5666,3.3048,3.1982,3.2487,3.3973,3.5668,3.7077,3.8279,3.99,4.2745,4.7213,5.2754,5.7749,6.0003,5.7748,5.0679,4.038,2.9791,2.1901,1.835,1.8737,2.102,2.2752,2.2407,2.0067,1.7174,1.5626,1.68,2.102,2.763,3.5482,4.3483,5.0938,5.7586,6.3391,6.8217,7.1563,7.2538,7.0134,6.375,5.3694,4.1366,2.8941,1.8645,1.1989,0.933,0.9941,1.2471,1.5492,1.7914,1.9183,1.9353,1.9042,1.923,2.0801,2.3979,2.7947,3.1039,3.1536,2.8696,2.3346
-0.8043,-1.1477,-1.2909,-1.1322,-0.6919,-0.1208,0.383,0.6956,0.8415,0.9663,1.2285,1.691,2.2889,2.8844,3.3552,3.6457,3.7503,3.6662,3.3717,2.8601,2.1958,1.5326,1.0598,0.9019,1.0448,1.3434,1.6088,1.7136,1.6481,1.498,1.374,1.3483,1.4347,1.6044,1.8089,1.9907,2.0866,2.0427,1.8456,1.5475,1.2567,1.0879,1.1007,1.2679,1.4967,1.6823,1.7541,1.6849,1.4712,1.119,0.655,0.1536,-0.2606,-0.4574,-0.3762,-0.0747,0.2915,0.5572,0.6444,0.5983,0.5401,0.5714,0.7043,-3.4376,-3.2928,-3.0142,-2.7266,-2.4987,-2.3213,-2.1403,-1.9185,-1.673,-1.4581,-1.3061,-1.1788,-0.9792,-0.6262,-0.1441,0.3087,0.5072,0.2935,-0.3105,-1.0921,-1.7544,-2.0763,-2.0243,-1.7458,-1.4572,-1.3069,-1.3005,-1.3255,-1.2397,-0.9551,-0.4682,0.1582,0.8287,1.4346,1.864,2.0268,1.8996,1.561,1.1717,0.8882,0.7597,0.6868,0.4922,0.0646,-0.5269,-1.0491,-1.2558,-1.0736,-0.6826,-0.4195,-0.5635,-1.1538,-1.9711,-2.6906,-3.0936,-3.1805,-3.1136,-3.0485,-2.9933,-2.8054,-2.3194,-1.5013,-0.5069,-3.6183,-4.8343,-5.5346,-5.4334,-4.7028,-3.8455,-3.349,-3.3654,-3.634,-3.685,-3.1605,-2.027,-0.5515,0.8977,2.054,2.8209,3.1996,3.1886,2.7645,1.956,0.9221,-0.067,-0.7579,-1.0606,-1.0971,-1.1087,-1.2894,-1.6654,-2.0982,-2.3911,-2.4097,-2.1383,-1.6611,-1.1101,-0.6263,-0.3358,-0.3199,-0.5694,-0.9595,-1.2905,-1.3966,-1.2569,-1.0184,-0.8936,-1.0011,-1.2741,-1.5209,-1.5984,-1.5607,-1.6487,-2.1143,-3.0042,-4.0773,-4.9281,-5.2313,-4.9299,-4.2341,-3.45,-2.7799,-2.2453,-1.7654,-1.2989,-0.9147,-3.3343,-3.7282,-4.0355,-4.2475,-4.3793,-4.4493,-4.4623,-4.4114,-4.296,-4.135,-3.9558,-3.7643,-3.5252,-3.1835,-2.7286,-2.2541,-1.956,-2.0416,-2.5905,-3.461,-4.3215,-4.8068,-4.714,-4.1109,-3.2849,-2.5651,-2.1378,-1.9721,-1.8925,-1.7288,-1.4285,-1.0599,-0.7258,-0.4714,-0.2637,-0.0466,0.1864,0.3709,0.4172,0.2762,-0.032,-0.4473,-0.9188,-1.4214,-1.9255,-2.3595,-2.6222,-2.6556,-2.5234,-2.4141,-2.5374,-2.9736,-3.5881,-4.0906,-4.2117,-3.8766,-3.2473,-2.6015,-2.1353,-1.8363,-1.5181,-0.9849,-0.1999,-2.255,-2.6977,-2.5585,-1.8137,-0.7456,0.1875,0.6085,0.4471,-0.0145,-0.3109,-0.0677,0.7961,2.0542,3.3325,4.3098,4.828,4.8716,4.4811,3.7039,2.623,1.4146,0.3497,-0.3015,-0.4084,-0.0602,0.4803,0.9243,1.1077,1.0471,0.8816,0.7574,0.7415,0.8069,0.8756,0.8692,0.738,0.4703,0.1006,-0.286,-0.5714,-0.6566,-0.5234,-0.2571,0.0009,0.1444,0.1661,0.1357,0.104,0.0178,-0.2689,-0.8756,-1.7585,-2.6742,-3.2993,-3.4306,-3.1204,-2.6372,-2.2742,-2.1457,-2.1236,-1.9572,-1.4801,-0.7447,-2.3348,-2.9079,-3.0562,-2.7855,-2.2994,-1.8638,-1.6487,-1.6449,-1.6963,-1.608,-1.2534,-0.6229,0.194,1.0548,1.8031,2.292,2.4059,2.0972,1.4248,0.5637,-0.2402,-0.7591,-0.8718,-0.603,-0.0941,0.4742,0.9589,1.2958,1.4938,1.6041,1.6852,1.7775,1.8873,1.9814,1.9966,1.8717,1.589,1.1997,0.809,0.5184,0.3629,0.2896,0.2013,0.0361,-0.1762,-0.3341,-0.3532,-0.2604,-0.2172,-0.439,-1.0575,-2.0183,-3.0878,-3.9686,-4.4496,-4.4953,-4.2245,-3.8078,-3.3613,-2.9068,-2.4097,-1.8515,-1.2762
-0.6375,-0.9494,-1.3051,-1.6595,-1.9354,-2.0602,-2.0005,-1.7734,-1.4315,-1.0385,-0.6545,-0.3367,-0.1408,-0.1074,-0.2323,-0.4441,-0.6173,-0.6272,-0.4232,-0.0722,0.2608,0.394,0.2258,-0.2081,-0.7521,-1.2114,-1.4472,-1.4344,-1.2513,-1.0193,-0.8302,-0.7057,-0.6068,-0.4804,-0.3099,-0.1388,-0.0529,-0.1319,-0.4005,-0.8064,-1.2392,-1.5804,-1.758,-1.7743,-1.6939,-1.6002,-1.5463,-1.5295,-1.4999,-1.395,-1.1768,-0.851,-0.4629,-0.0773,0.2432,0.4515,0.5246,0.4689,0.325,0.1643,0.07,0.103,0.2688,0.7616,0.7244,0.72,0.6562,0.452,0.1137,-0.2517,-0.4989,-0.5369,-0.3857,-0.1606,0.0018,0.0215,-0.0907,-0.2591,-0.3998,-0.4698,-0.4812,-0.4794,-0.5076,-0.5772,-0.6608,-0.7068,-0.6707,-0.5456,-0.3757,-0.239,-0.2028,-0.2773,-0.3995,-0.4644,-0.3898,-0.1738,0.0977,0.2983,0.333,0.185,-0.0903,-0.4108,-0.7119,-0.9572,-1.12,-1.1678,-1.0767,-0.8668,-0.6213,-0.4549,-0.4421,-0.5564,-0.6742,-0.6525,-0.4288,-0.0696,0.2715,0.4562,0.4483,0.3232,0.199,0.1494,0.1639,0.1797,0.1468,0.0685,0.7332,0.4183,0.1424,-0.032,-0.0756,0.0141,0.228,0.5529,0.9701,1.4515,1.9591,2.4423,2.8323,3.0453,3.0107,2.7242,2.2927,1.9214,1.8226,2.0839,2.5808,3.0121,3.059,2.5776,1.6994,0.7669,0.1418,0.0097,0.3059,0.7963,1.2416,1.5244,1.6652,1.7438,1.8091,1.8505,1.8382,1.779,1.7276,1.7443,1.8405,1.9662,2.0498,2.0553,2.0051,1.9535,1.9403,1.9717,2.0427,2.1716,2.4013,2.7568,3.1934,3.5915,3.8176,3.8115,3.6295,3.4024,3.2364,3.1363,3.0143,2.7801,2.4364,3.5548,3.4707,3.427,3.4075,3.4014,3.4217,3.4921,3.6143,3.7526,3.8589,3.921,3.9858,4.1253,4.363,4.6238,4.7646,4.678,4.3943,4.0922,3.9935,4.2066,4.638,5.0442,5.1941,5.0267,4.6878,4.4215,4.4009,4.6225,4.935,5.1692,5.2608,5.2785,5.3469,5.5372,5.8105,6.0497,6.1433,6.0547,5.8346,5.5821,5.393,5.3253,5.3851,5.5266,5.6607,5.6864,5.5435,5.2648,4.9845,4.8784,5.061,5.5062,6.0518,6.492,6.695,6.6629,6.497,6.3049,6.1288,5.9489,5.7462,5.5563,-1.7419,-1.728,-1.8828,-2.1806,-2.5228,-2.7839,-2.8452,-2.6158,-2.0575,-1.214,-0.2253,0.6953,1.3278,1.5302,1.3036,0.8041,0.2911,0.0275,0.1676,0.677,1.3263,1.776,1.732,1.1025,0.0695,-0.9808,-1.6481,-1.7272,-1.3117,-0.7224,-0.3041,-0.221,-0.3851,-0.5581,-0.5474,-0.3513,-0.15,-0.1565,-0.4439,-0.8783,-1.2064,-1.2261,-0.9169,-0.438,-0.0079,0.2397,0.3217,0.3612,0.4824,0.73,1.0634,1.4102,1.7233,1.9961,2.2365,2.4342,2.5557,2.5667,2.4561,2.2386,1.9379,1.5748,1.1763,0.7107,0.3822,-0.0567,-0.6055,-1.2153,-1.758,-2.0585,-1.9808,-1.5147,-0.7983,-0.0563,0.5074,0.7927,0.8195,0.6814,0.4854,0.3142,0.2201,0.2259,0.3167,0.4322,0.4848,0.4096,0.2176,0.0021,-0.1204,-0.0996,0.001,0.0486,-0.0471,-0.2389,-0.3497,-0.1903,0.2909,0.9417,1.4793,1.6586,1.418,0.9054,0.3737,0.0289,-0.0658,0.0192,0.1614,0.2655,0.2939,0.2544,0.1851,0.1588,0.2854,0.6785,1.3808,2.2981,3.2048,3.8435,4.0637,3.9044,3.5592,3.2472,3.0826,3.034,2.9885,2.857
-0.467,-1.38,-2.3944,-3.0287,-3.0131,-2.4521,-1.7604,-1.4042,-1.6122,-2.2477,-2.9235,-3.2734,-3.1872,-2.851,-2.5825,-2.598,-2.8866,-3.2658,-3.5467,-3.6605,-3.6505,-3.5639,-3.3681,-2.9845,-2.4098,-1.7999,-1.4086,-1.4064,-1.7276,-2.0936,-2.2197,-2.0439,-1.7799,-1.7262,-1.9798,-2.3014,-2.2764,-1.6704,-0.694,0.0636,0.0228,-0.9554,-2.429,-3.6501,-4.0623,-3.6495,-2.8848,-2.3371,-2.2541,-2.441,-2.4969,-2.1856,-1.6234,-1.1459,-0.998,-1.1325,-1.293,-1.2897,-1.2019,-1.3084,-1.7956,-2.5074,-2.982,-1.0364,-0.194,-0.1978,-1.0575,-2.403,-3.7273,-4.6369,-4.9794,-4.8304,-4.4038,-3.9545,-3.695,-3.7247,-3.9827,-4.2668,-4.3391,-4.0787,-3.5803,-3.1135,-2.9516,-3.1853,-3.6601,-4.088,-4.2485,-4.1252,-3.8787,-3.6929,-3.6308,-3.6185,-3.5544,-3.4338,-3.3707,-3.5024,-3.8692,-4.3815,-4.8988,-5.3354,-5.6874,-5.9608,-6.0878,-5.9434,-5.4728,-4.815,-4.2772,-4.134,-4.394,-4.7425,-4.7499,-4.2124,-3.3546,-2.7094,-2.7374,-3.4745,-4.4876,-5.1832,-5.2315,-4.7724,-4.2507,-4.0302,-4.1152,-4.205,-4.0169,-3.5814,-5.6131,-4.7033,-4.7105,-5.6957,-6.9008,-7.3287,-6.5264,-4.9484,-3.6254,-3.4187,-4.4426,-6.0625,-7.4009,-7.9141,-7.6234,-6.9186,-6.1918,-5.6171,-5.1879,-4.8678,-4.6612,-4.5554,-4.4564,-4.2454,-3.9224,-3.6708,-3.7246,-4.1218,-4.5806,-4.6619,-4.1198,-3.1386,-2.2145,-1.7461,-1.6798,-1.5448,-0.8842,0.2751,1.3404,1.5752,0.7021,-0.8178,-2.0826,-2.3975,-1.7534,-0.7603,-0.1247,-0.1312,-0.5534,-1.0072,-1.3657,-1.8183,-2.5235,-3.2203,-3.2361,-1.9773,0.4826,3.254,5.1259,5.3686,4.2211,2.6815,1.7748,-5.1428,-5.3385,-6.3463,-7.9995,-9.5211,-10.0877,-9.4663,-8.2155,-7.2929,-7.3838,-8.4666,-9.9179,-11.0204,-11.4466,-11.3617,-11.1406,-10.9978,-10.8563,-10.5227,-9.9596,-9.3841,-9.1066,-9.2759,-9.7683,-10.3098,-10.6985,-10.9116,-11.0131,-10.9844,-10.6805,-9.9861,-9.0265,-8.2008,-7.944,-8.3744,-9.1305,-9.574,-9.2487,-8.2486,-7.1974,-6.8255,-7.4449,-8.7066,-9.8174,-10.0572,-9.2363,-7.7966,-6.5223,-6.0792,-6.6671,-7.9569,-9.289,-9.9957,-9.6895,-8.4145,-6.6148,-4.9292,-3.8896,-3.6685,-4.0298,-4.5298,-4.844,-4.9759,-5.2063,-5.5105,-6.7077,-8.2735,-9.3248,-9.22,-8.0256,-6.4945,-5.5646,-5.7445,-6.8254,-8.0943,-8.8471,-8.8099,-8.1992,-7.4587,-6.9334,-6.7243,-6.758,-6.9271,-7.1461,-7.3105,-7.2717,-6.9143,-6.2859,-5.6318,-5.2485,-5.2468,-5.4329,-5.4429,-5.0448,-4.3502,-3.7327,-3.497,-3.5805,-3.569,-3.0468,-2.0039,-0.9392,-0.5368,-1.146,-2.4826,-3.8001,-4.4082,-4.1341,-3.379,-2.7565,-2.6324,-2.9335,-3.3324,-3.5875,-3.7084,-3.8147,-3.8658,-3.5709,-2.6152,-1.0241,0.6835,1.7488,1.6841,0.6434,-0.6559,-1.4208,5.5803,7.83,9.2981,9.5188,8.7235,7.5253,6.4301,5.5517,4.7075,3.7562,2.86,2.4372,2.8358,3.9877,5.3239,6.0401,5.5449,3.7995,1.3364,-1.0395,-2.6631,-3.2893,-3.0998,-2.482,-1.7528,-1.0046,-0.156,0.8556,1.8875,2.5543,2.3896,1.1272,-1.0677,-3.5739,-5.5479,-6.3073,-5.6572,-3.9697,-1.9704,-0.3604,0.4996,0.6719,0.4814,0.2583,0.1726,0.248,0.4892,0.973,1.8023,2.9632,4.2287,5.2316,5.6882,5.6142,5.3483,5.3339,5.792,6.5242,7.0025,6.7047,5.4657,3.5988,1.6963
0.7966,0.8433,0.8243,0.7808,0.7621,0.8038,0.9103,1.0514,1.1762,1.238,1.2184,1.135,1.0292,0.9401,0.8801,0.8263,0.7321,0.5521,0.2677,-0.101,-0.4999,-0.8609,-1.1257,-1.2628,-1.2719,-1.1755,-1.005,-0.7924,-0.5726,-0.3918,-0.3106,-0.389,-0.6545,-1.0713,-1.5353,-1.911,-2.0956,-2.0752,-1.9322,-1.7927,-1.7442,-1.776,-1.7873,-1.6599,-1.346,-0.9099,-0.4926,-0.2225,-0.1377,-0.1736,-0.2241,-0.2285,-0.218,-0.2879,-0.5179,-0.9021,-1.3407,-1.6992,-1.8889,-1.9106,-1.8315,-1.7206,-1.5943,0.9078,0.8805,0.8173,0.7598,0.7553,0.8366,0.9997,1.1924,1.3293,1.3304,1.1655,0.8745,0.548,0.2769,0.104,0.0115,-0.0512,-0.1204,-0.1911,-0.2271,-0.1998,-0.1192,-0.0318,0.0143,0.0074,-0.0169,-0.0016,0.0911,0.2546,0.4452,0.6126,0.7268,0.7835,0.7895,0.7471,0.6517,0.502,0.3088,0.0909,-0.1378,-0.3747,-0.6189,-0.8531,-1.0361,-1.1197,-1.0811,-0.9456,-0.7754,-0.6286,-0.5181,-0.4051,-0.2356,0.0048,0.2646,0.4511,0.4933,0.3954,0.2388,0.1266,0.1107,0.1548,0.161,0.0434,-0.8027,-0.5184,-0.3547,-0.337,-0.4419,-0.5815,-0.6441,-0.5797,-0.466,-0.4869,-0.8117,-1.4476,-2.1777,-2.6549,-2.6103,-2.0447,-1.267,-0.7389,-0.8176,-1.559,-2.7039,-3.8436,-4.647,-5.0001,-4.9885,-4.7669,-4.433,-3.999,-3.4653,-2.9142,-2.5303,-2.5167,-2.9619,-3.7559,-4.6235,-5.26,-5.4859,-5.3243,-4.9582,-4.603,-4.378,-4.2561,-4.1104,-3.8192,-3.3533,-2.7942,-2.2793,-1.9176,-1.7358,-1.6868,-1.707,-1.7751,-1.9271,-2.2166,-2.6532,-3.169,-3.6425,-3.9659,-4.108,-4.1236,-4.103,-4.0966,-4.0738,2.9962,2.7473,3.4178,3.7873,3.0237,1.2668,-0.6126,-1.8032,-2.1924,-2.3312,-2.8028,-3.5797,-3.9468,-3.0681,-0.7227,2.4077,5.1366,6.5339,6.4546,5.4639,4.301,3.3626,2.6075,1.8635,1.17,0.8032,0.9711,1.5054,1.8991,1.7102,0.9935,0.3478,0.4765,1.5854,3.1163,4.0711,3.7118,2.111,0.13,-1.1632,-1.2001,-0.2364,0.9085,1.4595,1.1817,0.4375,-0.1675,-0.2359,0.2009,0.7989,1.2018,1.2736,1.1172,0.9183,0.773,0.6286,0.3578,-0.1155,-0.7392,-1.3499,-1.7613,-1.8623,-1.665,2.4659,2.7718,1.8885,0.2492,-1.3065,-2.1032,-2.0922,-1.8898,-2.3458,-3.9158,-6.2694,-8.4318,-9.3983,-8.8145,-7.2449,-5.8234,-5.5206,-6.537,-8.2432,-9.6782,-10.2131,-9.8881,-9.2222,-8.7179,-8.5066,-8.4136,-8.3234,-8.4504,-9.2057,-10.7377,-12.5637,-13.6861,-13.201,-10.9623,-7.7636,-4.8468,-3.0836,-2.4503,-2.1974,-1.562,-0.4339,0.5672,0.6592,-0.3652,-1.8481,-2.6709,-2.0398,-0.0416,2.4446,4.372,5.1858,5.0382,4.4863,4.006,3.7412,3.626,3.658,3.9931,4.7523,5.7574,6.5147,6.5415,5.7835,0.7134,1.1319,1.2078,0.9879,0.6538,0.4266,0.4283,0.5925,0.6924,0.4801,-0.1512,-1.0851,-2.0364,-2.7041,-2.9281,-2.7557,-2.3892,-2.0606,-1.9154,-1.9664,-2.1282,-2.2902,-2.3782,-2.3732,-2.289,-2.1386,-1.9174,-1.6172,-1.2593,-0.921,-0.729,-0.8091,-1.2147,-1.8747,-2.6038,-3.1821,-3.4667,-3.4688,-3.3419,-3.281,-3.3962,-3.6418,-3.8524,-3.8595,-3.6092,-3.1967,-2.798,-2.549,-2.4624,-2.4373,-2.351,-2.1603,-1.9396,-1.8337,-1.9625,-2.3482,-2.9083,-3.51,-4.0409,-4.4485,-4.7333,-4.9105,-4.9768
-0.7385,-0.4294,-0.1096,0.0367,-0.1064,-0.5357,-1.1447,-1.7865,-2.3386,-2.7296,-2.9279,-2.9233,-2.7307,-2.4074,-2.0573,-1.7982,-1.7089,-1.7985,-2.0268,-2.3565,-2.7847,-3.3158,-3.8945,-4.371,-4.5537,-4.3345,-3.7934,-3.1837,-2.7815,-2.699,-2.8017,-2.8082,-2.5061,-1.9237,-1.3196,-0.9918,-1.051,-1.3336,-1.5264,-1.4056,-1.0082,-0.6052,-0.5024,-0.8249,-1.448,-2.1122,-2.6208,-2.9602,-3.2602,-3.6427,-4.0921,-4.4491,-4.5242,-4.2331,-3.6503,-2.954,-2.32,-1.8488,-1.563,-1.447,-1.472,-1.5849,-1.687,0.1966,0.0425,-0.1003,-0.1611,-0.1026,0.038,0.1712,0.2217,0.1833,0.1174,0.0942,0.131,0.1769,0.1605,0.0577,-0.0763,-0.1432,-0.0794,0.0815,0.2139,0.1731,-0.1083,-0.5653,-1.0223,-1.2818,-1.227,-0.8812,-0.3918,0.05,0.3072,0.3604,0.3001,0.258,0.3172,0.4583,0.573,0.535,0.2823,-0.1457,-0.6366,-1.075,-1.4025,-1.6263,-1.7784,-1.8656,-1.8576,-1.7227,-1.4798,-1.2166,-1.0512,-1.0597,-1.2253,-1.4484,-1.6094,-1.6395,-1.5485,-1.3974,-1.2473,-1.1285,-1.0478,-1.0149,-1.0498,-1.1571,-2.55,-2.3441,-2.1733,-2.1436,-2.3206,-2.7223,-3.3095,-3.9816,-4.5973,-5.0229,-5.1912,-5.1354,-4.9729,-4.8468,-4.856,-5.0166,-5.2725,-5.5423,-5.77,-5.947,-6.0972,-6.2399,-6.3613,-6.4138,-6.3469,-6.1469,-5.8561,-5.5526,-5.2971,-5.0793,-4.8052,-4.3458,-3.626,-2.7015,-1.7658,-1.0694,-0.7916,-0.9418,-1.3547,-1.7874,-2.0582,-2.14,-2.1509,-2.257,-2.5559,-3.0211,-3.5345,-3.9733,-4.2819,-4.4807,-4.6127,-4.6804,-4.6235,-4.3568,-3.8394,-3.1256,-2.3616,-1.7289,-1.3676,-1.3189,-1.5106,-1.7869,-1.9663,-0.1619,-0.6532,-1.141,-1.476,-1.5736,-1.4775,-1.3326,-1.2888,-1.4147,-1.685,-2.0398,-2.4483,-2.9163,-3.4293,-3.8949,-4.1528,-4.0673,-3.6419,-3.0621,-2.6215,-2.5658,-2.9529,-3.6169,-4.2549,-4.5789,-4.4426,-3.8826,-3.0691,-2.2118,-1.4716,-0.9156,-0.5206,-0.215,0.0609,0.3054,0.4405,0.3474,-0.0604,-0.767,-1.6333,-2.4452,-3.0084,-3.2333,-3.1612,-2.9218,-2.6575,-2.4639,-2.3779,-2.3991,-2.5151,-2.7017,-2.907,-3.0431,-3.0086,-2.7354,-2.2329,-1.5991,-0.9916,-0.5708,-0.4423,-0.6186,-1.0075,-1.4339,-3.6117,-3.195,-2.8377,-2.7106,-2.8632,-3.2563,-3.8234,-4.5006,-5.2114,-5.8424,-6.2616,-6.3891,-6.2655,-6.0492,-5.9189,-5.9431,-6.0228,-5.9697,-5.673,-5.2252,-4.8904,-4.915,-5.3187,-5.8343,-6.0672,-5.7718,-5.0372,-4.2291,-3.7169,-3.5885,-3.5782,-3.2766,-2.4727,-1.3661,-0.4736,-0.2846,-0.9117,-1.9971,-2.9446,-3.314,-3.0938,-2.6673,-2.5144,-2.8746,-3.6124,-4.3575,-4.7923,-4.8647,-4.7841,-4.8305,-5.1377,-5.6093,-6.0089,-6.1328,-5.9334,-5.5185,-5.0545,-4.6648,-4.39,-4.2139,-4.1041,-4.0254,-3.924,-1.8798,-2.0545,-2.4292,-2.8776,-3.2362,-3.4429,-3.5799,-3.7924,-4.1579,-4.6149,-5.0103,-5.2193,-5.2374,-5.1653,-5.1046,-5.056,-4.9152,-4.5785,-4.0755,-3.6102,-3.4588,-3.7817,-4.4847,-5.2398,-5.6643,-5.543,-4.9435,-4.1445,-3.433,-2.9148,-2.4729,-1.898,-1.0922,-0.1922,0.4807,0.6135,0.1041,-0.8664,-1.9377,-2.7792,-3.2605,-3.478,-3.6348,-3.8697,-4.1609,-4.3623,-4.3358,-4.0738,-3.7241,-3.5018,-3.5552,-3.8791,-4.3269,-4.704,-4.8746,-4.8168,-4.6098,-4.3797,-4.2466,-4.2942,-4.5529,-4.9832,-5.4645
0.5829,0.3482,0.2468,0.2007,0.1908,0.2627,0.4689,0.8008,1.1688,1.4489,1.5609,1.52,1.4261,1.3995,1.5094,1.7385,2.0006,2.1883,2.2187,2.0539,1.6981,1.1863,0.5777,-0.0467,-0.5927,-0.9724,-1.1323,-1.0725,-0.8472,-0.5436,-0.2509,-0.0345,0.0748,0.0758,-0.0154,-0.1766,-0.3853,-0.6194,-0.858,-1.0838,-1.2886,-1.4772,-1.6655,-1.871,-2.0972,-2.3222,-2.4972,-2.5625,-2.4745,-2.2329,-1.8918,-1.5461,-1.2954,-1.2029,-1.2675,-1.4254,-1.5815,-1.6542,-1.6129,-1.4862,-1.3388,-1.2282,-1.1666,0.2875,0.4594,0.8041,1.174,1.4437,1.5802,1.6395,1.6985,1.7813,1.8405,1.8064,1.6625,1.4784,1.371,1.4205,1.6085,1.8283,1.9608,1.9571,1.8663,1.7919,1.8131,1.9327,2.0857,2.1939,2.2188,2.1763,2.1097,2.0541,2.0196,2.0002,1.9888,1.9777,1.9462,1.8553,1.6653,1.3694,1.0166,0.6987,0.5039,0.4678,0.5554,0.6857,0.7761,0.7756,0.6692,0.4644,0.1829,-0.1337,-0.4174,-0.5889,-0.5995,-0.4729,-0.3093,-0.2339,-0.3182,-0.5265,-0.7319,-0.7949,-0.6518,-0.3531,-0.0254,0.2112,-0.5211,-0.4416,-0.2585,-0.1301,-0.0815,-0.0158,0.167,0.448,0.6726,0.6588,0.3509,-0.105,-0.4259,-0.3576,0.1765,1.0399,1.9745,2.7392,3.1975,3.3111,3.0787,2.4967,1.5863,0.4556,-0.6747,-1.5351,-1.9335,-1.8607,-1.4937,-1.0865,-0.8217,-0.7257,-0.6993,-0.631,-0.5026,-0.4051,-0.4633,-0.7339,-1.161,-1.6233,-2.0305,-2.3888,-2.7825,-3.2857,-3.8738,-4.4073,-4.7023,-4.6396,-4.2386,-3.6452,-3.0507,-2.5964,-2.3241,-2.1897,-2.1154,-2.0349,-1.9075,-1.7078,-1.4155,-1.0253,-0.5674,-0.114,0.2452,-0.506,-0.2311,0.1988,0.6281,0.9563,1.1796,1.3581,1.5377,1.696,1.7593,1.6816,1.5168,1.4184,1.5537,1.9896,2.635,3.2847,3.7342,3.882,3.7515,3.4306,2.9896,2.4477,1.8098,1.1269,0.5178,0.1199,0.007,0.1395,0.3907,0.6283,0.7849,0.8638,0.8848,0.826,0.6211,0.2204,-0.3381,-0.9138,-1.3317,-1.4894,-1.4242,-1.291,-1.2635,-1.4313,-1.7594,-2.1285,-2.4161,-2.5562,-2.5474,-2.4213,-2.2126,-1.9523,-1.678,-1.434,-1.249,-1.1092,-0.9582,-0.7366,-0.4363,-0.1271,0.0731,0.0697,-1.3933,-1.4731,-1.2778,-0.9789,-0.7062,-0.4844,-0.2674,-0.0291,0.1725,0.2237,0.0594,-0.2407,-0.4519,-0.3214,0.2709,1.2191,2.2339,2.9939,3.3047,3.1639,2.7069,2.0931,1.4242,0.7437,0.0933,-0.4449,-0.7672,-0.8148,-0.627,-0.3298,-0.063,0.0975,0.1635,0.1926,0.2224,0.2383,0.1974,0.0764,-0.1065,-0.3196,-0.5673,-0.9098,-1.4228,-2.1241,-2.9266,-3.661,-4.1572,-4.3258,-4.1845,-3.8192,-3.3241,-2.7711,-2.2243,-1.7648,-1.4803,-1.4095,-1.4856,-1.5426,-1.4022,-0.9948,-0.4258,0.0724,0.279,-1.3259,-1.4029,-1.2301,-0.9506,-0.6898,-0.4848,-0.3018,-0.1097,0.0642,0.1505,0.1137,0.0166,0.0075,0.2299,0.7216,1.3844,2.0483,2.5799,2.9459,3.1873,3.3351,3.3493,3.1423,2.6709,2.0163,1.3773,0.9672,0.8895,1.0837,1.3816,1.6267,1.7631,1.8308,1.8832,1.9064,1.8132,1.5172,1.0238,0.4548,-0.0198,-0.2957,-0.4097,-0.5188,-0.7989,-1.3333,-2.0627,-2.8219,-3.4265,-3.7539,-3.7786,-3.56,-3.2067,-2.8371,-2.543,-2.3584,-2.2428,-2.0965,-1.8134,-1.3513,-0.7761,-0.244,0.0767,0.0968
0.9299,1.7623,2.6295,3.3161,3.5966,3.3508,2.6303,1.6286,0.5769,-0.3613,-1.1318,-1.7527,-2.2479,-2.6072,-2.8002,-2.8173,-2.6917,-2.4823,-2.2353,-1.9645,-1.6672,-1.3562,-1.0698,-0.8404,-0.6486,-0.4078,-0.0093,0.595,1.3305,2.0104,2.4214,2.4327,2.061,1.4563,0.8256,0.3444,0.1031,0.1011,0.2709,0.5107,0.7125,0.7895,0.7017,0.4707,0.1723,-0.0953,-0.2481,-0.2358,-0.0378,0.3496,0.9124,1.5968,2.2884,2.8254,3.0544,2.9042,2.4259,1.7673,1.0944,0.5132,0.0439,-0.3425,-0.6621,1.1091,0.9858,0.9125,0.8746,0.7802,0.5349,0.1221,-0.3704,-0.7973,-1.0434,-1.0917,-1.0216,-0.9428,-0.9149,-0.911,-0.8505,-0.6692,-0.3724,-0.0293,0.2804,0.5241,0.7279,0.9377,1.1608,1.3413,1.3884,1.2393,0.9066,0.4756,0.0545,-0.2835,-0.5254,-0.7,-0.8381,-0.9494,-1.0316,-1.0969,-1.1829,-1.3308,-1.5431,-1.7577,-1.8674,-1.7791,-1.4749,-1.0329,-0.5888,-0.2637,-0.1038,-0.069,-0.074,-0.049,0.0197,0.0913,0.1072,0.0338,-0.116,-0.2927,-0.4384,-0.5139,-0.5114,-0.4494,-0.3584,-0.2657,-1.8957,-1.2162,-0.5373,-0.0533,0.0988,-0.1172,-0.6527,-1.4245,-2.3536,-3.3651,-4.3646,-5.2288,-5.8388,-6.1372,-6.1642,-6.0307,-5.8387,-5.6027,-5.234,-4.6068,-3.6625,-2.4787,-1.2513,-0.1978,0.5551,1.0298,1.3657,1.7195,2.1587,2.6061,2.8662,2.7195,2.0413,0.8882,-0.4947,-1.7583,-2.5952,-2.8746,-2.6941,-2.3114,-1.9936,-1.8737,-1.9051,-1.9363,-1.8474,-1.6427,-1.4331,-1.3266,-1.323,-1.304,-1.1342,-0.7933,-0.4275,-0.2678,-0.4684,-0.9854,-1.5918,-2.0218,-2.1396,-2.0124,-1.8382,-1.7907,-1.8997,-1.6902,-1.7711,-1.7931,-1.7006,-1.5913,-1.6275,-1.9032,-2.363,-2.8367,-3.1624,-3.3029,-3.3641,-3.4967,-3.7566,-4.0311,-4.0947,-3.7579,-3.0007,-1.9922,-0.9837,-0.1535,0.4823,1.0341,1.616,2.2352,2.7763,3.0841,3.0719,2.7689,2.2795,1.6975,1.0547,0.3425,-0.4236,-1.1638,-1.7651,-2.1606,-2.3865,-2.5588,-2.7776,-3.0333,-3.1944,-3.095,-2.6605,-1.9757,-1.2397,-0.6415,-0.2486,0.0095,0.2545,0.5418,0.8063,0.9125,0.7679,0.4115,0.0087,-0.2438,-0.2344,0.0062,0.3374,0.6019,0.7101,0.6672,-5.6536,-5.0231,-4.3053,-3.6076,-3.1407,-3.0998,-3.5218,-4.2376,-4.9707,-5.5134,-5.8504,-6.1344,-6.5377,-7.0942,-7.6532,-7.9706,-7.8622,-7.3055,-6.4288,-5.4206,-4.4396,-3.5855,-2.9187,-2.4756,-2.2447,-2.1278,-1.9477,-1.5365,-0.8658,-0.1227,0.3465,0.2161,-0.6204,-1.9605,-3.3778,-4.4339,-4.8876,-4.78,-4.3604,-3.9157,-3.6167,-3.4667,-3.3575,-3.1758,-2.8822,-2.5202,-2.1675,-1.8763,-1.6467,-1.4474,-1.2603,-1.114,-1.0799,-1.2346,-1.6168,-2.2092,-2.9565,-3.8003,-4.6995,-5.6147,-6.4705,-7.1349,-7.4515,-4.4586,-3.9334,-3.4498,-3.0836,-2.9322,-3.048,-3.3905,-3.8369,-4.2488,-4.5491,-4.7583,-4.9631,-5.2389,-5.5783,-5.8717,-5.955,-5.6972,-5.0742,-4.1875,-3.2161,-2.332,-1.6279,-1.0987,-0.6804,-0.313,0.015,0.2689,0.4031,0.3942,0.2415,-0.0622,-0.5518,-1.2719,-2.2184,-3.285,-4.2681,-4.9474,-5.199,-5.064,-4.7206,-4.3731,-4.1351,-3.9867,-3.8295,-3.5877,-3.2725,-2.961,-2.7168,-2.5253,-2.3052,-1.9871,-1.5929,-1.2466,-1.1033,-1.25,-1.6565,-2.2082,-2.7873,-3.3319,-3.8315,-4.2743,-4.6087,-4.7617
0.4043,0.35,0.3362,0.3395,0.3432,0.3512,0.3737,0.4078,0.4401,0.4693,0.5248,0.6539,0.8826,1.1829,1.4802,1.7026,1.8298,1.8991,1.9589,2.0092,1.9871,1.8161,1.4834,1.0742,0.7255,0.528,0.4574,0.3975,0.2432,0.0006,-0.2034,-0.2193,-0.0056,0.3185,0.5487,0.5483,0.3594,0.1782,0.2095,0.5065,0.9196,1.189,1.1103,0.649,-0.0686,-0.8609,-1.5965,-2.2206,-2.703,-2.9846,-2.9896,-2.7045,-2.2464,-1.8391,-1.6891,-1.8425,-2.1361,-2.2931,-2.1043,-1.5681,-0.891,-0.3501,-0.1215,-3.123,-3.0258,-2.7028,-2.299,-1.96,-1.7388,-1.5767,-1.3756,-1.0998,-0.8218,-0.6673,-0.7064,-0.8827,-1.05,-1.092,-1.0265,-1.001,-1.1732,-1.5696,-2.0397,-2.352,-2.3597,-2.1064,-1.7852,-1.5857,-1.5543,-1.58,-1.5147,-1.3203,-1.1134,-1.0673,-1.2525,-1.5549,-1.7464,-1.6577,-1.3132,-0.9174,-0.7035,-0.7649,-1.0033,-1.2281,-1.3169,-1.3027,-1.3198,-1.4636,-1.6902,-1.8441,-1.7909,-1.5407,-1.256,-1.1361,-1.2718,-1.588,-1.9147,-2.1211,-2.1995,-2.2324,-2.2799,-2.29,-2.1162,-1.6324,-0.8562,0.0213,1.159,1.4969,1.8082,1.9736,1.9024,1.6054,1.2007,0.8419,0.6216,0.5256,0.4725,0.4056,0.3555,0.4172,0.6563,1.0267,1.38,1.5696,1.5714,1.5131,1.5774,1.845,2.2061,2.4217,2.2987,1.845,1.2792,0.8806,0.793,0.9355,1.089,1.0866,0.953,0.8792,1.0563,1.5038,2.0342,2.3809,2.3856,2.0974,1.7123,1.4121,1.2395,1.1024,0.8915,0.5989,0.3358,0.2402,0.3611,0.6196,0.8754,1.0343,1.1023,1.1444,1.1981,1.2286,1.1687,1.0071,0.8337,0.7902,0.9545,1.2529,1.4794,-5.7547,-4.6183,-3.3751,-2.4859,-2.1778,-2.3553,-2.7044,-2.9052,-2.8114,-2.4973,-2.1678,-2.0128,-2.1028,-2.379,-2.7202,-3.0267,-3.2634,-3.4456,-3.5922,-3.6885,-3.6864,-3.5391,-3.2431,-2.8552,-2.473,-2.1896,-2.0523,-2.0493,-2.1293,-2.234,-2.3214,-2.3641,-2.3338,-2.1926,-1.9074,-1.4815,-0.9769,-0.5053,-0.1862,-0.0987,-0.2571,-0.6263,-1.1565,-1.8059,-2.5307,-3.257,-3.8695,-4.2451,-4.3212,-4.1529,-3.9113,-3.8099,-3.9965,-4.4769,-5.1141,-5.6993,-6.046,-6.0517,-5.7049,-5.0578,-4.2014,-3.2633,-2.4123,-2.6943,-2.3564,-1.9629,-1.7074,-1.712,-1.913,-2.0994,-2.0767,-1.8207,-1.4927,-1.3003,-1.318,-1.4185,-1.3739,-1.0471,-0.5167,-0.0311,0.1712,0.034,-0.287,-0.5515,-0.61,-0.4868,-0.3171,-0.2102,-0.1634,-0.0972,0.0342,0.1731,0.2032,0.0755,-0.1042,-0.1215,0.1837,0.7638,1.353,1.6262,1.4185,0.8422,0.2086,-0.1894,-0.2771,-0.2384,-0.3765,-0.8998,-1.783,-2.784,-3.5877,-3.9703,-3.8891,-3.4713,-2.9376,-2.5149,-2.3698,-2.5638,-3.034,-3.6076,-4.0626,-4.2185,-4.0132,-3.519,-2.8895,-2.2773,-6.0838,-4.976,-3.6386,-2.5416,-1.994,-1.9856,-2.2444,-2.4579,-2.4932,-2.4543,-2.5458,-2.8616,-3.2773,-3.5327,-3.4364,-3.0209,-2.5174,-2.1672,-2.0269,-1.93,-1.6418,-1.081,-0.4237,0.0052,-0.0286,-0.4852,-1.0706,-1.4445,-1.4532,-1.2081,-0.9588,-0.873,-0.9042,-0.8479,-0.5305,0.0292,0.6181,0.981,1.003,0.7758,0.5061,0.3465,0.2843,0.1686,-0.1575,-0.7253,-1.4018,-1.9618,-2.2087,-2.0727,-1.6397,-1.1195,-0.7732,-0.8221,-1.3537,-2.2583,-3.2375,-3.9123,-3.994,-3.4304,-2.4323,-1.3564,-0.5159
0.2681,0.1025,0.0744,0.1614,0.3148,0.4781,0.6047,0.6734,0.698,0.7246,0.81,0.9904,1.2536,1.5335,1.7322,1.76,1.5766,1.2111,0.7544,0.3251,0.023,-0.1089,-0.0998,-0.0343,-0.0117,-0.098,-0.294,-0.5358,-0.7264,-0.7814,-0.6664,-0.4079,-0.0768,0.2431,0.4844,0.6128,0.6295,0.562,0.4494,0.3242,0.1983,0.0575,-0.1263,-0.3714,-0.6632,-0.95,-1.1645,-1.2596,-1.2359,-1.1383,-1.0248,-0.9286,-0.844,-0.7442,-0.6172,-0.4849,-0.3899,-0.3557,-0.3573,-0.3293,-0.2138,-0.0134,0.1931,0.4062,0.2465,0.2179,0.2761,0.3779,0.4969,0.6123,0.6951,0.7142,0.663,0.5812,0.5446,0.6192,0.8078,1.0287,1.1499,1.0616,0.7427,0.2788,-0.1802,-0.4962,-0.6077,-0.5493,-0.4216,-0.3343,-0.3559,-0.4911,-0.6892,-0.8725,-0.9711,-0.9495,-0.8206,-0.6394,-0.4801,-0.4037,-0.4308,-0.5338,-0.6534,-0.73,-0.7333,-0.6733,-0.5887,-0.5217,-0.4939,-0.4963,-0.4966,-0.4581,-0.3599,-0.209,-0.0385,0.1069,0.1929,0.2129,0.1908,0.1656,0.1649,0.1861,0.1995,0.1731,0.1024,0.0212,-0.0197,0.0082,0.7891,0.5334,0.4426,0.4758,0.5872,0.7539,0.9731,1.2412,1.5401,1.8403,2.1156,2.3516,2.5411,2.6686,2.6993,2.5881,2.3069,1.8778,1.3868,0.9624,0.7208,0.7037,0.8456,0.9954,0.9908,0.7467,0.3068,-0.1728,-0.5018,-0.5496,-0.3017,0.1492,0.6612,1.1107,1.4287,1.599,1.6357,1.5639,1.4149,1.2242,1.0218,0.817,0.5943,0.3323,0.0351,-0.2524,-0.4674,-0.5803,-0.6342,-0.7312,-0.965,-1.344,-1.7683,-2.0853,-2.1897,-2.0904,-1.8915,-1.6975,-1.5215,-1.2745,-0.8532,-0.2587,0.3509,1.827,1.6679,1.5672,1.5383,1.6203,1.8139,2.0266,2.0942,1.8841,1.4105,0.8663,0.5271,0.5817,1.0012,1.5425,1.8889,1.8343,1.3931,0.7693,0.2199,-0.0903,-0.1547,-0.0882,-0.0357,-0.0925,-0.2765,-0.5455,-0.8279,-1.0474,-1.143,-1.0936,-0.9383,-0.7731,-0.7066,-0.7937,-0.9925,-1.1834,-1.2486,-1.1579,-0.9975,-0.9138,-1.0092,-1.2657,-1.5534,-1.7155,-1.6691,-1.4474,-1.1611,-0.9153,-0.748,-0.6301,-0.517,-0.3992,-0.3125,-0.3058,-0.401,-0.5804,-0.8053,-1.0423,-1.267,-1.4477,-1.5312,-1.4598,0.4615,0.0998,-0.0007,0.1305,0.4225,0.7712,1.0555,1.1852,1.1609,1.0974,1.1719,1.5123,2.0961,2.7329,3.1505,3.1335,2.6286,1.7597,0.7582,-0.1355,-0.7465,-0.9951,-0.9007,-0.5748,-0.2025,0.0084,-0.0895,-0.5011,-1.0669,-1.5298,-1.666,-1.4031,-0.8531,-0.2419,0.2161,0.4172,0.3907,0.2468,0.0991,0.0115,-0.0116,-0.0065,-0.0234,-0.1046,-0.2647,-0.4777,-0.6807,-0.8039,-0.8162,-0.7523,-0.6945,-0.7124,-0.8053,-0.8979,-0.9004,-0.7877,-0.6272,-0.5249,-0.5259,-0.5593,-0.4855,-0.2246,0.1365,0.8325,0.5177,0.3853,0.4671,0.7603,1.1807,1.5512,1.6728,1.4524,0.9971,0.587,0.5175,0.9068,1.6003,2.2455,2.4938,2.1954,1.4652,0.591,-0.1397,-0.5744,-0.7233,-0.695,-0.6126,-0.5659,-0.6076,-0.7585,-0.9967,-1.2451,-1.3885,-1.3335,-1.0753,-0.7173,-0.4154,-0.2816,-0.3191,-0.4387,-0.5403,-0.5884,-0.6213,-0.6898,-0.7898,-0.8555,-0.8231,-0.7058,-0.6043,-0.6304,-0.802,-1.0032,-1.0532,-0.8389,-0.4076,0.0569,0.3606,0.428,0.3356,0.2282,0.1925,0.194,0.1239,-0.089,-0.4014,-0.6799
-1.0988,-0.7432,-0.5605,-0.5726,-0.7111,-0.857,-0.9116,-0.8553,-0.7577,-0.7308,-0.857,-1.136,-1.483,-1.7717,-1.8929,-1.7934,-1.4854,-1.0321,-0.5282,-0.0805,0.2164,0.3102,0.215,0.0098,-0.2011,-0.3467,-0.4313,-0.5251,-0.7076,-1.0006,-1.3414,-1.6161,-1.7301,-1.6615,-1.4631,-1.2139,-0.9642,-0.7158,-0.4455,-0.143,0.1741,0.4831,0.7876,1.1225,1.517,1.9448,2.307,2.4748,2.3698,2.0253,1.582,1.2171,1.0518,1.0975,1.2666,1.4306,1.4812,1.3619,1.0682,0.6366,0.1388,-0.3266,-0.6572,-0.2417,0.1972,0.4578,0.5253,0.4562,0.3358,0.2259,0.1368,0.0403,-0.0877,-0.2318,-0.3364,-0.3422,-0.2325,-0.0521,0.1194,0.2195,0.2426,0.2339,0.2418,0.2651,0.2405,0.0844,-0.2371,-0.6635,-1.0596,-1.293,-1.3187,-1.21,-1.1097,-1.1303,-1.2704,-1.4054,-1.3612,-1.025,-0.421,0.2959,0.9234,1.3163,1.4519,1.4199,1.3554,1.3592,1.4533,1.5875,1.6812,1.6711,1.5395,1.3169,1.0668,0.8632,0.7683,0.8108,0.9723,1.1885,1.3703,1.4409,1.3714,1.1953,0.9921,0.8479,0.8143,0.8869,-1.8907,-1.3736,-1.144,-1.2235,-1.4667,-1.6602,-1.6527,-1.4344,-1.1255,-0.8929,-0.8543,-1.027,-1.338,-1.6741,-1.9306,-2.0353,-1.9506,-1.6733,-1.2468,-0.7748,-0.4143,-0.3265,-0.601,-1.1922,-1.9153,-2.5182,-2.7975,-2.6943,-2.3124,-1.8471,-1.4699,-1.2426,-1.1112,-0.9757,-0.7808,-0.5589,-0.3981,-0.3603,-0.4136,-0.4302,-0.2538,0.2076,0.9247,1.7585,2.5282,3.0913,3.3898,3.4494,3.346,3.169,2.9994,2.9014,2.915,3.0434,3.2412,3.4181,3.4649,3.2971,2.8956,2.3223,1.6991,1.1589,0.7879,-1.9908,-1.5108,-1.212,-1.0403,-0.9248,-0.8211,-0.7257,-0.6652,-0.6724,-0.7612,-0.9123,-1.0751,-1.1875,-1.2047,-1.1194,-0.9619,-0.7791,-0.611,-0.4824,-0.4161,-0.4492,-0.6281,-0.9748,-1.4457,-1.9218,-2.2547,-2.3498,-2.2326,-2.0452,-1.9611,-2.069,-2.3029,-2.4706,-2.3683,-1.9092,-1.183,-0.4088,0.1849,0.4791,0.5124,0.4422,0.4524,0.6655,1.0987,1.6675,2.2208,2.5879,2.6307,2.2956,1.6528,0.8961,0.2855,0.044,0.2544,0.8151,1.4862,2.0065,2.2172,2.1235,1.8645,1.617,1.4966,1.5123,-2.7363,-2.3677,-2.1909,-2.209,-2.3268,-2.4185,-2.411,-2.3239,-2.2458,-2.2673,-2.423,-2.6795,-2.9698,-3.2365,-3.4503,-3.5941,-3.6408,-3.5563,-3.3331,-3.0265,-2.7531,-2.6367,-2.7335,-2.9871,-3.2541,-3.3872,-3.3225,-3.1121,-2.8823,-2.7493,-2.7514,-2.8386,-2.9188,-2.9193,-2.8209,-2.6484,-2.4355,-2.1965,-1.9208,-1.5869,-1.1769,-0.6823,-0.1036,0.5427,1.2105,1.8174,2.2606,2.4598,2.4042,2.1742,1.9159,1.7791,1.8499,2.1131,2.4623,2.7464,2.8301,2.6421,2.1996,1.6016,0.9958,0.5243,0.2649,-0.898,-0.46,-0.1282,0.051,0.0828,0.0117,-0.1147,-0.2763,-0.4812,-0.7376,-1.024,-1.2863,-1.4651,-1.5289,-1.4842,-1.3564,-1.1655,-0.9244,-0.6638,-0.4572,-0.41,-0.6052,-1.0391,-1.5972,-2.101,-2.3994,-2.4513,-2.3409,-2.2197,-2.2119,-2.3432,-2.5307,-2.6317,-2.5182,-2.1396,-1.5471,-0.8754,-0.2874,0.0986,0.2698,0.3362,0.4807,0.8602,1.505,2.2819,2.9516,3.293,3.2217,2.8306,2.3323,1.946,1.8025,1.9158,2.219,2.6175,3.0209,3.3453,3.5129,3.4717,3.2293,2.8674,2.5099,2.2551
-0.1163,-0.1796,-0.2871,-0.3908,-0.4111,-0.2841,-0.0108,0.3283,0.6092,0.7341,0.689,0.5515,0.4399,0.4368,0.537,0.6553,0.6862,0.5762,0.3579,0.1261,-0.0267,-0.0676,-0.0373,-0.0128,-0.0486,-0.1389,-0.2252,-0.2415,-0.1628,-0.0223,0.1113,0.1805,0.1754,0.1369,0.1262,0.1835,0.3031,0.438,0.5288,0.5362,0.4577,0.3217,0.1666,0.0221,-0.0987,-0.1943,-0.2657,-0.3125,-0.3346,-0.3372,-0.3298,-0.3179,-0.2932,-0.2323,-0.1097,0.0803,0.3067,0.506,0.6088,0.5789,0.4399,0.2712,0.1718,-1.0588,-1.157,-1.2644,-1.3422,-1.4002,-1.4849,-1.6412,-1.8752,-2.1425,-2.3707,-2.5001,-2.5149,-2.4444,-2.3368,-2.2261,-2.1168,-1.9951,-1.8527,-1.7032,-1.576,-1.4955,-1.4636,-1.4622,-1.4719,-1.4911,-1.5357,-1.6204,-1.7377,-1.8553,-1.9361,-1.9648,-1.9569,-1.9403,-1.9254,-1.8911,-1.8034,-1.6551,-1.4913,-1.3932,-1.4244,-1.5794,-1.7772,-1.9121,-1.9302,-1.872,-1.8474,-1.9551,-2.2051,-2.5037,-2.7143,-2.7527,-2.6468,-2.5204,-2.5128,-2.694,-3.0329,-3.4321,-3.7945,-4.0682,-4.2417,-4.3073,-4.234,-3.9808,-2.0839,-2.1467,-2.162,-2.1157,-1.9946,-1.7936,-1.5356,-1.2832,-1.1199,-1.1019,-1.2134,-1.3633,-1.4373,-1.374,-1.211,-1.0636,-1.0462,-1.1924,-1.4312,-1.6391,-1.7276,-1.7026,-1.6507,-1.6644,-1.764,-1.8744,-1.8753,-1.6866,-1.3292,-0.9195,-0.6029,-0.4742,-0.5335,-0.7004,-0.8683,-0.9607,-0.9583,-0.8907,-0.8082,-0.7548,-0.7553,-0.8152,-0.9264,-1.0723,-1.2292,-1.3674,-1.4544,-1.4605,-1.369,-1.1862,-0.9463,-0.7054,-0.522,-0.4318,-0.4325,-0.4902,-0.5672,-0.6527,-0.7712,-0.9564,-1.2043,-1.4417,-1.5403,-1.8102,-1.7063,-1.6154,-1.5268,-1.448,-1.3983,-1.3977,-1.4565,-1.5707,-1.719,-1.8602,-1.9351,-1.8793,-1.6513,-1.2639,-0.7955,-0.3658,-0.0795,0.0283,0.0077,-0.0451,-0.0557,-0.0218,-0.0067,-0.0803,-0.2531,-0.4544,-0.5765,-0.5486,-0.3869,-0.1786,-0.0132,0.0848,0.1672,0.3073,0.5224,0.7356,0.8143,0.6605,0.2888,-0.1659,-0.5218,-0.6581,-0.5861,-0.4376,-0.3798,-0.5119,-0.8064,-1.1291,-1.3198,-1.2846,-1.0477,-0.7392,-0.5304,-0.5563,-0.8641,-1.4052,-2.0667,-2.7169,-3.2413,-3.5572,-3.6149,-3.3978,-2.7605,-2.7897,-2.726,-2.576,-2.3593,-2.1108,-1.8778,-1.7107,-1.6439,-1.6777,-1.7712,-1.8551,-1.8614,-1.7561,-1.5548,-1.3129,-1.0942,-0.9378,-0.8439,-0.7833,-0.7241,-0.6537,-0.5825,-0.529,-0.5,-0.4835,-0.4584,-0.4133,-0.3577,-0.3143,-0.2978,-0.296,-0.2697,-0.1768,-0.0054,0.2047,0.3707,0.4037,0.2571,-0.0439,-0.4078,-0.7189,-0.892,-0.9103,-0.824,-0.7123,-0.6326,-0.59,-0.546,-0.4582,-0.3216,-0.1796,-0.0949,-0.1032,-0.1848,-0.2806,-0.3424,-0.3788,-0.4534,-0.6287,-0.8915,-1.1187,-1.1234,-3.3517,-3.3217,-3.1417,-2.9264,-2.8146,-2.8613,-2.9977,-3.0889,-3.041,-2.8717,-2.6897,-2.6002,-2.6158,-2.6444,-2.5621,-2.3115,-1.9453,-1.5826,-1.3191,-1.1641,-1.056,-0.9354,-0.8089,-0.7445,-0.8032,-0.9659,-1.1253,-1.1545,-1.0034,-0.7419,-0.5148,-0.4374,-0.513,-0.6349,-0.6706,-0.5647,-0.3842,-0.2746,-0.361,-0.6654,-1.0943,-1.4984,-1.7609,-1.8547,-1.8413,-1.8194,-1.8615,-1.9749,-2.1057,-2.1778,-2.1441,-2.0196,-1.8795,-1.8195,-1.9025,-2.1242,-2.4225,-2.7255,-3.0017,-3.2708,-3.5599,-3.8383,-3.9887
2.011,1.1277,0.1838,-0.5652,-0.9176,-0.7983,-0.2817,0.4413,1.1364,1.6144,1.7978,1.7395,1.5866,1.5062,1.6076,1.8958,2.272,2.5776,2.6603,2.4371,1.9335,1.2837,0.6863,0.3261,0.2908,0.524,0.848,1.0563,1.0289,0.8038,0.5527,0.4722,0.6565,1.0384,1.4412,1.7058,1.8019,1.838,1.9586,2.2039,2.4427,2.4414,2.0348,1.2803,0.4783,0.0253,0.1847,0.9218,1.9133,2.7297,3.0735,2.924,2.5048,2.1121,1.929,1.9487,2.0406,2.0894,2.0895,2.1255,2.2641,2.4567,2.5436,2.7841,2.9305,2.6002,1.7474,0.6365,-0.2933,-0.6826,-0.4601,0.1308,0.6935,0.9148,0.7245,0.2924,-0.1046,-0.2425,-0.0398,0.4502,1.1034,1.784,2.3731,2.7773,2.943,2.8764,2.6482,2.3612,2.09,1.8353,1.5319,1.1108,0.5737,0.022,-0.3841,-0.5122,-0.3306,0.078,0.5662,0.9963,1.2944,1.4604,1.5441,1.6123,1.7217,1.9003,2.1332,2.3577,2.4825,2.4344,2.2116,1.9067,1.6711,1.632,1.81,2.0959,2.311,2.3152,2.0967,1.7814,1.5565,1.5564,1.7812,2.0949,2.2956,2.2127,5.8363,1.6557,-2.6207,-5.5264,-6.0008,-3.9503,-0.4222,2.8358,4.3026,3.5881,1.7072,0.4472,1.1671,3.8203,6.9144,8.5007,7.5333,4.6206,1.5955,0.185,0.7469,2.0228,2.1175,-0.0039,-3.6126,-6.597,-6.8769,-3.8485,1.1555,5.6862,7.6772,6.6,3.5748,0.5034,-1.0862,-0.7349,1.0143,3.1871,4.956,5.8922,5.8999,5.0555,3.5282,1.5867,-0.4022,-2.031,-2.9184,-2.739,-1.2586,1.5285,5.1689,8.6297,10.5537,9.9387,6.8868,2.842,-0.0451,-0.1708,2.4558,6.1466,8.6243,8.5554,6.4128,3.9447,2.7272,1.1946,-0.4189,-1.7493,-2.4217,-2.2292,-1.2755,0.0255,1.1372,1.6901,1.6995,1.55,1.7325,2.4955,3.6586,4.7351,5.2883,5.2565,4.992,4.9691,5.3838,5.9654,6.1671,5.6004,4.3674,3.0142,2.1254,1.8797,1.9328,1.7375,1.0506,0.2083,-0.0749,0.7533,2.6272,4.8587,6.6003,7.4136,7.4989,7.4159,7.5398,7.711,7.3738,6.096,4.0434,2.0122,0.9678,1.4259,3.126,5.2159,6.7834,7.3405,6.9572,6.0377,4.9902,4.0512,3.3289,2.9194,2.9172,3.2941,3.7929,3.9992,3.407,2.2919,0.6384,-1.1349,-2.4933,-3.0433,-2.7433,-1.9263,-1.1014,-0.6459,-0.5834,-0.594,-0.2554,0.6452,1.9347,3.1329,3.7331,3.5005,2.5976,1.4706,0.5874,0.2047,0.3006,0.6777,1.1298,1.5411,1.8669,2.0511,1.9839,1.5573,0.7773,-0.1695,-0.9699,-1.3354,-1.1452,-0.4747,0.5032,1.6519,2.9144,4.2266,5.385,6.0186,5.7488,4.4637,2.5072,0.6046,-0.4791,-0.353,0.7899,2.3133,3.5383,4.1258,4.1848,4.0588,3.9841,3.9016,3.5657,2.8433,1.9327,1.2916,1.2997,1.9138,2.603,1.2798,0.6396,-0.8751,-2.9052,-4.7442,-5.6919,-5.4422,-4.2547,-2.7908,-1.7113,-1.294,-1.3154,-1.2637,-0.7261,0.3167,1.4839,2.2682,2.3871,1.9669,1.44,1.2393,1.5091,2.0286,2.3845,2.2585,1.6235,0.7271,-0.1061,-0.6932,-1.0805,-1.4522,-1.9473,-2.5275,-2.9838,-3.0623,-2.6073,-1.6272,-0.2633,1.2842,2.8054,4.0841,4.8998,5.079,4.5929,3.6337,2.5822,1.8471,1.6533,1.9172,2.3023,2.4306,2.1141,1.4548,0.7532,0.3002,0.2045,0.3683,0.6047,0.7843,0.8904,0.949,0.9145,0.6307
-0.1258,-0.2335,-0.3615,-0.4607,-0.4954,-0.4744,-0.449,-0.4781,-0.5814,-0.7173,-0.8032,-0.7708,-0.6231,-0.4533,-0.4093,-0.617,-1.106,-1.7799,-2.4527,-2.932,-3.1042,-2.9774,-2.6594,-2.292,-1.9802,-1.7564,-1.5893,-1.4197,-1.193,-0.8712,-0.4293,0.1441,0.8303,1.5585,2.2032,2.6182,2.698,2.4315,1.9114,1.288,0.6942,0.1884,-0.2517,-0.6851,-1.1492,-1.6294,-2.0711,-2.4213,-2.6626,-2.8157,-2.9124,-2.963,-2.945,-2.8195,-2.5629,-2.1898,-1.754,-1.3296,-0.9861,-0.7703,-0.7015,-0.7759,-0.978,0.1777,0.1753,0.304,0.5218,0.7601,0.9447,1.0144,0.9346,0.708,0.378,0.0196,-0.2841,-0.4722,-0.5298,-0.4904,-0.4149,-0.3581,-0.3411,-0.3463,-0.3356,-0.2812,-0.1873,-0.0913,-0.0436,-0.0787,-0.1937,-0.3478,-0.4812,-0.5432,-0.5154,-0.4172,-0.291,-0.1767,-0.089,-0.0115,0.0901,0.2412,0.4368,0.638,0.7893,0.8465,0.7961,0.6535,0.4461,0.192,-0.1052,-0.4446,-0.8095,-1.1608,-1.4506,-1.6471,-1.7519,-1.7937,-1.803,-1.7879,-1.7313,-1.6152,-1.45,-1.2861,-1.191,-1.2066,-1.3179,-1.4567,2.9876,3.0162,2.9425,2.8518,2.8234,2.8724,2.9315,2.8933,2.686,2.328,1.9197,1.5769,1.3531,1.2071,1.0375,0.7578,0.3596,-0.0752,-0.4156,-0.5435,-0.3999,0.0018,0.5911,1.2686,1.936,2.5224,3.0038,3.4062,3.7867,4.1986,4.6603,5.1471,5.6097,6.0017,6.2903,6.4455,6.4229,6.1701,5.6635,4.9535,4.1743,3.4969,3.0424,2.8126,2.6869,2.4923,2.1016,1.4984,0.7711,0.0535,-0.5415,-0.9543,-1.171,-1.2024,-1.0763,-0.8437,-0.5791,-0.3593,-0.2286,-0.1818,-0.1852,-0.2233,-0.3326,1.6868,1.9771,2.2801,2.5264,2.6826,2.745,2.7025,2.5153,2.1363,1.5645,0.8831,0.2395,-0.2272,-0.4656,-0.5378,-0.5726,-0.677,-0.8696,-1.0791,-1.2053,-1.1925,-1.0652,-0.905,-0.7903,-0.7443,-0.7223,-0.6422,-0.4347,-0.0857,0.3507,0.7721,1.0736,1.2005,1.1844,1.1374,1.1979,1.4506,1.8665,2.3076,2.6015,2.6437,2.4556,2.1544,1.853,1.5637,1.1823,0.5715,-0.3153,-1.3642,-2.3426,-3.0265,-3.3232,-3.3035,-3.1276,-2.9302,-2.7543,-2.5765,-2.3863,-2.2383,-2.2273,-2.4061,-2.7235,-3.0443,3.1942,3.0704,2.9197,2.9479,3.2677,3.7838,4.2215,4.2892,3.8676,3.0947,2.2888,1.7547,1.5987,1.6672,1.6477,1.2665,0.4622,-0.5683,-1.4724,-1.9265,-1.7883,-1.1353,-0.1822,0.8505,1.8248,2.6861,3.4046,3.9324,4.2273,4.3259,4.3865,4.6347,5.2174,6.0629,6.8629,7.2214,6.891,5.9413,4.7375,3.7335,3.2149,3.1602,3.3042,3.3429,3.1295,2.7327,2.3398,2.1007,2.0308,2.0297,1.9784,1.8269,1.6137,1.4223,1.3224,1.3374,1.4431,1.5782,1.6581,1.5996,1.3664,1.0107,0.668,2.3954,2.7704,3.3595,3.8229,3.9716,3.8585,3.6622,3.4859,3.2609,2.8399,2.1919,1.5072,1.0964,1.1488,1.5519,1.9405,1.9572,1.5259,0.9157,0.5365,0.6239,1.0645,1.5027,1.6398,1.4841,1.3503,1.6104,2.3968,3.4897,4.4705,5.0118,5.08,4.9087,4.7896,4.8581,5.0326,5.1282,5.0299,4.7827,4.5475,4.4786,4.6263,4.9211,5.2195,5.3598,5.1996,4.65,3.7197,2.5514,1.3972,0.5114,0.0136,-0.1796,-0.2848,-0.482,-0.7752,-1,-0.9837,-0.725,-0.4356,-0.3891,-0.6913,-1.1624
